지역,매장명,주소
서울,홍대점,서울특별시 마포구 잔다리로6길 39(서교동)
경기,안양1번가점,경기도 안양시 만안구 안양로304번길 13(안양동)
경기,성복역점,경기도 용인시 수지구 수지로 125(성복동)
대구,대구동성로점,대구광역시 중구 중앙대로 395(동성로3가)
서울,강남역점,서울특별시 강남구 테헤란로 101 강남역 지하쇼핑센터 e-35호(역삼동)
인천,부평역점,"인천광역시 부평구 광장로 16, 29-30호(부평동)"
강원,화천 사창리점,강원도 화천군 사내면 사내로 40-4(사창리)
전북,군산 수송점,전라북도 군산시 문화로 119(수송동)
서울,신도림역점,"서울특별시 구로구 경인로 661, 133호(신도림동)"
부산,광복동점,부산광역시 중구 광복로 55(창선동1가)
부산,서면점,부산광역시 부산진구 중앙대로692번길 26(부전동)
전북,전북대점,"전라북도 전주시 덕진구 기린대로 472, 1층(덕진동1가)"
경기,부천위브점,경기도 부천시 신흥로 190(중동)
경남,통영죽림점,경상남도 통영시 광도면 죽림2로 55-69 피아빌딩(죽림리)
경남,경남 사천점,"경상남도 사천시 사남면 조동길 38, 101호(월성리)"
경기,시흥 은행점,경기도 시흥시 수인로3287번길 25-2(은행동)
경기,연천전곡점,경기도 연천군 전곡읍 전곡로 158(전곡리)
경남,통영무전점,"경상남도 통영시 무전8길 22-16(무전동, 진우하이빌2차)"
경기,운정신도시1호점,"경기도 파주시 청암로17번길 53, 114호 (목동동)"
부산,광복2호점,"부산광역시 중구 광복중앙로 33, 1층(신창동1가)"
경기,부천 춘의점,"경기도 부천시 부천로198번길 27, 111호(춘의동)"
서울,가산디지털단지점,서울특별시 금천구 디지털로9길 32(가산동)
부산,반여점,"부산광역시 해운대구 재반로 230-1, 1층(반여동)"
경기,파주금릉점,"경기도 파주시 금빛로 24-10, 105호 (금촌동)"
전북,전주효자점,전라북도 전주시 완산구 용머리로 57(효자동1가)
경기,망월사역점,경기도 의정부시 평화로 206 보광그랑베르 104호(호원동)
부산,경성대점,"부산광역시 남구 용소로14번길 23, 1층(대연동)"
서울,신설동역점,서울특별시 동대문구 왕산로 3(신설동)
충남,아산배방점,충청남도 아산시 배방읍 모산로126번길 17-7배방 삼정그린코아 105호(공수리)
부산,부산범천점,"부산광역시 부산진구 황령대로 23, 세운이노빌 102호(범천동)"
경북,포항양덕점,경상북도 포항시 북구 천마로90번길 3(양덕동)
경남,삼천포점,경상남도 사천시 주공로 42(벌리동)
전북,군산나운점,전라북도 군산시 백토로 110(나운동)
경기,시흥정왕점,"경기도 시흥시 정왕대로 64, 127호(정왕동)"
경기,수지구청역점,경기도 용인시 수지구 풍덕천로 130(풍덕천동)
전북,진안가위박물관점,전라북도 진안군 진안읍 마이산로 258(단양리)
경남,진주경상대점,경상남도 진주시 진주대로 528영빌딩 제1층 101호(가좌동)
경기,곤지암점,경기도 광주시 곤지암읍 평촌길 31-10
경기,남이섬점,경기도 가평군 가평읍 북한강변로 1054
서울,망원역점,서울특별시 마포구 동교로9길 49(망원동)
서울,구로디지털단지역점,"서울특별시 구로구 디지털로31길 41, 110호(구로동)"
전북,군산 명산1호점,"전라북도 군산시 월명로 460-2, 1층(명산동)"
강원,와수리점,강원도 철원군 서면 와수로 171
강원,화천점,강원도 화천군 화천읍 중앙로 3-3
인천,인천논현역점,인천광역시 남동구 논고개로123번길 17아이플렉스 119호(논현동)
부산,부산송정점,부산광역시 해운대구 송정해변로 50(송정동)
충남,아산터미널점,충청남도 아산시 번영로 220(모종동)
경북,구미옥계점,경상북도 구미시 산호대로 793-1(옥계동)
경북,포항흥해점,경상북도 포항시 북구 흥해읍 흥해로 42(남성리)
경북,포항시청점,경상북도 포항시 남구 대이로 50(대잠동)
대구,명덕역점,대구광역시 중구 중앙대로 278(남산동)
충북,세명대점,충청북도 제천시 세명로 60(모산동)
대구,태전역점,대구광역시 북구 칠곡중앙대로 254(태전동)
전남,순천점,전라남도 순천시 우석로 53(덕월동)
서울,왕십리점,서울특별시 성동구 마조로1길 42(행당동)
경남,사남점,경상남도 사천시 사남면 진삼로 1102
경북,도량점,경상북도 구미시 도봉로 82 GMG프라자 105호(도량동)
경북,포항지곡점,경상북도 포항시 남구 지곡로 257애드빌상가 101동 117호(지곡동)
서울,고대점,서울특별시 성북구 고려대로27길 15(안암동5가)
인천,검암점,"인천광역시 서구 승학로 470, 112호(검암동)"
경기,남양주장현점,경기도 남양주시 진접읍 장현로 70대명아파트상가 109호
경기,남양주 마석점,경기도 남양주시 화도읍 비룡로 56-8신명스카이뷰그린아파트 105호
부산,범일동점,"부산광역시 동구 범일로102번길 13, 1층(범일동)"
강원,철원동송점,강원도 철원군 동송읍 금학로 210
경기,포천운천점,경기도 포천시 영북면 운천로 17-1
경북,포항우현점,경상북도 포항시 북구 우창로 4(우현동)
충남,아산북수점,"충청남도 아산시 배방읍 북수로 121, 105호"
서울,노량진점,서울특별시 동작구 노량진로16길 14(노량진동)
서울,서울대입구점,서울특별시 관악구 남부순환로 1861(봉천동)
서울,고대정문점,"서울특별시 동대문구 안암로 158-1, 102호(제기동)"
대구,범어점,대구광역시 수성구 달구벌대로480길 31(범어동)
부산,서면1번가점,부산광역시 부산진구 서면로 30(부전동)
부산,남항점,부산광역시 영도구 남항로41번길 1(남항동1가)
경기,동탄2 시범단지점,"경기도 화성시 동탄대로시범길 148-14, 105호(청계동)"
울산,매곡점,울산광역시 북구 매산로 35 월드프라자 104호(매곡동)
울산,서부점,울산광역시 동구 방어진순환도로 913(서부동)
인천,갈산점,인천광역시 부평구 주부토로 251(갈산동)
경북,포항연일점,경상북도 포항시 남구 연일읍 철강로25번길 47
대전,우송대점,대전광역시 동구 동대전로 174-2(자양동)
서울,보라매점,서울특별시 동작구 여의대방로 30(신대방동)
서울,안국역점,서울특별시 종로구 계동길 33-2(계동)
강원,양구점,강원도 양구군 양구읍 중앙길 16
경북,영남대점,경상북도 경산시 대학로 323(조영동)
서울,마곡나루역점,"서울특별시 강서구 마곡중앙5로1길 20, 112호(마곡동)"
인천,청라커낼점,인천광역시 서구 청라커낼로329번길 19-3(청라동)
충남,연무대점,충청남도 논산시 연무읍 안심로 134
인천,서창점,"인천광역시 남동구 서창남순환로215번길 17, 111호(서창동)"
서울,수락산역점,서울특별시 노원구 동일로 1700토마토파르코 114호(상계동)
경기,고양점,경기도 고양시 덕양구 혜음로 37(고양동)
경남,고성점,경상남도 고성군 고성읍 중앙로25번길 76
부산,동서대점,부산광역시 사상구 가야대로 358(주례동)
부산,사상터미널점,"부산광역시 사상구 사상로 196, 한빛빌딩 1층(괘법동)"
충남,천안두정점,"충청남도 천안시 서북구 봉정로 362, 103호(두정동)"
제주,제주혁신도시점,제주특별자치도 서귀포시 대청로 34제주강정유승한내들퍼스트오션 제상가동 제1층 107호
서울,우장산역점,서울특별시 강서구 강서로45길 6(내발산동)
경기,구리수택점,"경기도 구리시 체육관로80번길 41, 104호(수택동)"
경기,부천 고강점,"경기도 부천시 역곡로 505, 104호(고강동)"
대전,대전중앙로지하상가점,대전광역시 중구 중앙로 지하145 C가 15호(은행동)
경기,부천 신중동점,"경기도 부천시 길주로 270, 105호(중동)"
경남,사천정동점,경상남도 사천시 정동면 정동중앙로 16-13
강원,신철원점,강원도 철원군 갈말읍 삼부연로 5-1
경북,포항유강점,"경상북도 포항시 남구 연일읍 유강길17번길 5, 1층"
경기,이천중앙점,경기도 이천시 서희로 57(창전동)
경북,포항두호점,경상북도 포항시 북구 두호로 30(두호동)
서울,문정테라타워2점,"서울특별시 송파구 송파대로 201, A-132호(문정동)"
인천,계양구청점,"인천광역시 계양구 계산새로 93, 105호(용종동)"
세종,세종새롬점,"세종특별자치시 새롬중앙로 51, 107호(새롬동)"
대구,대구대현점,대구광역시 북구 대현로20길 9(대현동)
서울,홍대입구역점,서울특별시 마포구 홍익로6길 48(동교동)
경기,포천송우리점,"경기도 포천시 소흘읍 송우로 79, 106호"
경기,안양중앙시장점,경기도 안양시 만안구 안양로303번길 25(안양동)
경기,동탄북광장점,경기도 화성시 동탄중심상가2길 7씨티플러스 1층 101호(반송동)
경기,기흥구청점,경기도 용인시 기흥구 구갈로 70메가타운 108호(구갈동)
경북,포항효자점,경상북도 포항시 남구 효성로 26(효자동)
부산,부산수영점,부산광역시 수영구 연수로415번길 6(수영동)
부산,부산사직점,"부산광역시 동래구 사직북로47번길 20, 1층(사직동)"
인천,주안역점,"인천광역시 미추홀구 주안로 92, 105호(주안동)"
서울,가양역점,"서울특별시 강서구 양천로 492, 105호(등촌동)"
경북,쌍용사거리점,경상북도 포항시 북구 상대로 50(죽도동)
경기,광명사거리역점,경기도 광명시 광명로 877광명한진아파트 1층 1106호(광명동)
인천,도화점,"인천광역시 미추홀구 숙골로 90, 102호(도화동)"
강원,철원문혜리점,강원도 철원군 갈말읍 태봉로 1532
경기,상현역점,경기도 용인시 수지구 광교중앙로 304 미주프라자 103호(상현동)
경기,평택역점,경기도 평택시 평택1로 2-1(평택동)
부산,동래시장점,부산광역시 동래구 충렬대로 249(수안동)
서울,대학점,서울특별시 관악구 호암로26가길 2(신림동)
전남,나주혁신도시점,전라남도 나주시 상야4길 21(빛가람동)
서울,우이동점,"서울특별시 강북구 삼양로149길 10(우이동, 다우에코빌)"
경기,송탄출장소점,"경기도 평택시 관광특구로 30, 102호(서정동)"
강원,강원대점,강원도 춘천시 서부대성로227번길 24(효자동)
충남,아산탕정점,충청남도 아산시 탕정면 탕정면로 222
부산,부산대점,부산광역시 금정구 금정로68번길 41청송아파트 1층(장전동)
대구,칠성동점,"대구광역시 북구 중앙대로 540칠성동2가, 오페라 코오롱하늘채"
경남,거제수월점,경상남도 거제시 수양로 442거제자이상가 1동 102호(수월동)
대구,칠곡3지구점,"대구광역시 북구 동천로 133, 1층(동천동)"
제주,서귀포중앙점,제주특별자치도 서귀포시 중앙로 56(서귀동)
서울,연남숲길점,서울특별시 마포구 동교로 235-1(연남동)
경남,김해율하점,경상남도 김해시 율하2로236번길 44-1(율하동)
부산,부산남천점,부산광역시 수영구 수영로 379(남천동)
경기,일산가좌점,경기도 고양시 일산서구 가좌1로 8가좌마을5단지 상가동 1층 108호(가좌동)
충남,불당신도시점,"충청남도 천안시 서북구 불당25로 192, 115호(불당동)"
부산,부산동구청점,부산광역시 동구 고관로 95-1(수정동)
충남,천안터미널점,충청남도 천안시 동남구 만남로 20(신부동)
경북,금오공대점,경상북도 구미시 대학로 52-3(거의동)
서울,수색자이점,서울특별시 은평구 수색로 217디엠씨 자이1단지(DMC 자이1) 110호-111호(수색동)
인천,인천신현점,"인천광역시 서구 원창로 194, 104-105호(신현동)"
경기,부천송내로데오점,"경기도 부천시 상일로94번길 35삼익PLAZA 105호, 106호(상동)"
인천,계산역점,인천광역시 계양구 경명대로 1088(계산동)
경기,일산동구청점,경기도 고양시 일산동구 정발산로 38장항동이스턴시티 121호
경기,목감신도시점,경기도 시흥시 목감남서로 9-27키움프라자 108호(조남동)
충남,아산지중해마을점,충청남도 아산시 탕정면 탕정면로8번길 97-2
강원,인제점,강원도 인제군 인제읍 인제로 194
서울,당산역점,"서울특별시 영등포구 양평로 67, 109호(당산동5가)"
경기,의정부민락점,경기도 의정부시 오목로225번길 157폴리프라자3 1층 106호(민락동)
경기,동탄SRT역점,경기도 화성시 동탄오산로 82퍼스트프라자 109호(오산동)
경기,부천 심곡본동점,"경기도 부천시 성주로 175, 1층(심곡본동)"
부산,광안시장점,부산광역시 수영구 수영로603번길 4(광안동)
인천,구월로데오점,"인천광역시 남동구 예술로 126, 105호(구월동)"
경북,포항오천점,경상북도 포항시 남구 오천읍 정몽주로 651
경기,김포사우점,경기도 김포시 사우중로 78밀레니엄프라자 107호(사우동)
경남,진주평거점,경상남도 진주시 평거로5번길 24(평거동)
대구,대구유천점,대구광역시 달서구 조암남로 158그랑에비뉴 1층 109호(유천동)
대전,대전노은점,대전광역시 유성구 노은로 158그랜드타운 1층 111호(지족동)
경남,양산석산점,"경상남도 양산시 동면 금오13길 46-5, 1층 104호"
대전,둔산동점,대전광역시 서구 대덕대로 179굿모닝엠제이피부과빌딩 104호(둔산동)
부산,해운대좌동점,부산광역시 해운대구 대천로103번길 47대림아파트1차아파트 주상가 109호(좌동)
경기,동탄남광장점,경기도 화성시 동탄중심상가1길 9월드프라자 제 1층 109호(반송동)
경기,양평용문점,경기도 양평군 용문면 용문역길 26(용문역 앞)
경남,진주혁신점,경상남도 진주시 사들로 52 배재빌딩 102호(충무공동)
경기,배곧이지더원점,경기도 시흥시 해송십리로 472-12배곧이지더원1차 상가 1동 105호
경기,포천일동점,경기도 포천시 일동면 화동로1051번길 4-3
경기,수원인계점,경기도 수원시 팔달구 인계로 166번길 48-21인계샤르망오피스텔 1층
경남,양산물금점,경상남도 양산시 물금읍 물금로 75이지더원 그랜드파크 112호
광주,광주상무지구점,"광주광역시 서구 상무연하로 75, 1층(치평동)"
경기,파주봉일천점,경기도 파주시 조리읍 봉천로 34
경기,화성병점점,경기도 화성시 효행로 1073 거성프라자 108호(진안동)
경남,김해삼계점,"경상남도 김해시 삼계중앙로 39, 103호(삼계동)"
경기,김포마송점,경기도 김포시 통진읍 김포대로2244번길 20마송프라자 1층
경북,구미확장단지점,경상북도 구미시 산동면 신당1로2길 15바젤메디프라자 2차 110호
경북,경주용황점,경상북도 경주시 용황구획4길 35에이치프라자 1층 103호(용강동)
경기,가평현리점,경기도 가평군 조종면 현창로38번길 7
부산,괴정점,"부산광역시 사하구 장평로 448, 1층(괴정동)"
인천,인천효성점,"인천광역시 계양구 안남로 548, 104호(효성동)"
경기,신원당점,경기도 고양시 덕양구 고양대로1384번길 9신원당프라자 지상1층 3호
서울,발산역점,"서울특별시 강서구 강서로 380, 101호(등촌동)"
서울,H비지니스파크점,"서울특별시 송파구 법원로11길 25, 108호(문정동)"
부산,부산남구청점,부산광역시 남구 못골로41번길 13대연2차동원로얄듀크 상가 205동 110호(대연동)
경기,안산문화광장점,경기도 안산시 단원구 광덕대로 154로데오타운 142호(고잔동)
인천,서창1지구점,"인천광역시 남동구 매소홀로 1127 (서창동, 수팰리스)"
대구,시지신매점,대구광역시 수성구 신매로 91한라협화타운 제 상가 111동 105호(신매동)
경기,배곧유호엔시티점,경기도 시흥시 서울대학로278번길 43-7배곧 유호 N-CITY 1차 136호(정왕동)
인천,임학역점,인천광역시 계양구 장제로 893(임학동)
부산,대연점,부산광역시 남구 수영로 262(대연동)
인천,만수역점,인천광역시 남동구 구월로 358(만수동)
경기,용인풍덕천점,경기도 용인시 수지구 문인로 57삼익상가동 제1층 104호
부산,양정점,부산광역시 부산진구 중앙대로 898(양정동)
충북,진천점,충청북도 진천군 진천읍 상산로 85
경기,일산가로수길점,"경기도 고양시 일산서구 주엽로 80, E동 113호(대화동)"
경기,태전아이파크점,경기도 광주시 태봉로 110태전4지구 C 3블록 106호(태전동)
경기,하남미사점,경기도 하남시 미사강변대로226번안길 25디럭스프라자Ⅰ 1층 111호(망월동)
인천,남동인더스파크역점,인천광역시 남동구 은청로 4-7(고잔동)
경기,구리인창점,경기도 구리시 건원대로 95 인창프라자 1층(인창동)
부산,서면롯데점,부산광역시 부산진구 가야대로784번길 11(부전동)
경남,거제중곡점,"경상남도 거제시 중곡로 43, 105호(고현동)"
경기,부천역점,경기도 부천시 부일로 460시네마존 1층 104호(심곡동)
서울,사보이시티점,서울특별시 마포구 월드컵북로54길 17130호(상암동 1597)
경남,마산산호점,경상남도 창원시 마산합포구 산호북17길 16(산호동)
인천,인천동춘점,인천광역시 연수구 앵고개로264번길 41한양 2차 아파트 상가 1층 109호(동춘동)
경기,수원영통점,경기도 수원시 영통구 청명남로 31키라레스토아 106호(영통동)
인천,부평로데오점,인천광역시 부평구 시장로 17(부평동)
충남,내포신도시점,"충청남도 홍성군 홍북읍 청사로 36, 106호"
서울,화양점,"서울특별시 광진구 광나루로 361, 105호-106호(군자동, 광진 동양파라곤 1단지)"
경남,거제고현점,경상남도 거제시 거제중앙로 1919(고현동)
제주,연동점,제주특별자치도 제주시 과원북2길 48(연동)
서울,잠실역지하쇼핑센터점,"서울특별시 송파구 올림픽로 지하265, B-18호(신천동)"
강원,속초중앙시장점,강원도 속초시 중앙로147번길 15(중앙동)
서울,동소문점,서울특별시 성북구 아리랑로 14(동선동4가)
전남,여수학동점,전라남도 여수시 시청동3길 10(학동)
경기,서정마을점,경기도 고양시 덕양구 서정마을1로 4-9행신미라클프라자 106호(행신동)
부산,가야점,"부산광역시 부산진구 대학로 12, 1층"
경기,용인강남대점,경기도 용인시 기흥구 강남로 12스카이프라자 1층 104호(구갈동)
인천,송도점,"인천광역시 연수구 신송로125번길 13, 104호(송도동)"
경기,안성공도점,"경기도 안성시 공도읍 송원길 23, 102호"
인천,인천논현에코점,"인천광역시 남동구 논고개로 77, 106-107호(논현동)"
인천,국제성모병원점,"인천광역시 서구 탁옥로 105, 107호(심곡동)"
인천,검단사거리점,"인천광역시 서구 완정로 153, 105호(왕길동)"
서울,미아수유시장점,서울특별시 강북구 솔매로45길 95(미아동)
경기,오포점,"경기도 광주시 오포읍 양벌로 195-5, 1층"
경남,현동점,경상남도 창원시 마산합포구 현동4길 5성원빌딩 109호(현동)
부산,명지점,부산광역시 강서구 명지국제12로29번길 5
제주,동홍동점,"제주특별자치도 서귀포시 동홍로 98 ,1층(동홍동)"
경기,수원매탄점,"경기도 광주시 오포읍 양벌로 195-5, 1층"
경기,위례신도시점,경기도 성남시 수정구 위례광장로 310우성트램타워 A동 1층(창곡동)
경기,용인보라동점,경기도 용인시 기흥구 한보라1로 14베스트프라자 108호(보라동)
강원,홍천점,강원도 홍천군 홍천읍 홍천로5길 15
서울,이수태평점,서울특별시 동작구 동작대로27길 20(사당동)
경기,파주문산점,경기도 파주시 문산읍 문향로67번길 2
경기,고양화정점,경기도 고양시 덕양구 화신로272번길 38성보월드프라자 1층(화정동)
제주,함덕해수욕장점,제주특별자치도 제주시 조천읍 조함해안로 528
인천,청라스퀘어7점,"인천광역시 서구 청라루비로 76, B167호(청라동)"
경기,동탄영천점,"경기도 화성시 지산1길 11-10, 103호(영천동)"
서울,가산 SK V1점,"서울특별시 금천구 가산디지털1로 171, 117호(가산동)"
제주,제주중문점,제주특별자치도 서귀포시 천제연로 182(중문동)
서울,문정아이파크점,"서울특별시 송파구 법원로4길 6, 132-2호(문정동)"
경기,구리갈매점,경기도 구리시 경춘북로 252갈매역아이파크841동 1층 117호(갈매동)
인천,영종운서역점,"인천광역시 중구 신도시남로142번길 6, 129호(운서동)"
경기,군포당정점,경기도 군포시 고산로151번길 8당정메디컬빌딩 104호(당정동)
전북,전북정읍점,전라북도 정읍시 중앙로 56 금오빌딩 104호(연지동)
부산,해운대백병원점,부산광역시 해운대구 좌동순환로 252대원아파트 상가동 103호
인천,인천만수점,인천광역시 남동구 담방로 36(만수동)
경기,용인에버랜드역점,경기도 용인시 처인구 포곡읍 전대로78번길 22-1
경기,수원아주대점,경기도 수원시 영통구 아주로 42(원천동)
인천,청라심곡천점,인천광역시 서구 보석로11번안길 11(청라동)
인천,루원시티점,"인천광역시 서구 봉오재1로 49, 102호(신현동, 루원시티루에블리)"
인천,청라홍익점,"인천광역시 서구 중봉대로586번길 9-4, 114호(청라동)"
경기,안성진사리점,"경기도 안성시 공도읍 진건중길 39, 107호"
서울,한성대입구역점,서울특별시 성북구 동소문로 9(동소문동1가)
인천,인천당하점,"인천광역시 서구 청마로167번길 9, 104호(당하동)"
광주,광주하남2지구점,광주광역시 광산구 용아로379번길 29(산정동)
인천,인천마전점,"인천광역시 서구 완정로 35, 104호(마전동)"
경기,남양주호평점,"경기도 남양주시 늘을2로 26, 131호(호평동)"
경기,의정부동오마을점,경기도 의정부시 추동로19번길 7(신곡동)
경기,은행로데오점,경기도 시흥시 은행로155번길 16(은행동)
인천,청라경서점,"인천광역시 서구 청라커낼로 264, 104호(청라동)"
인천,모래내시장점,인천광역시 남동구 구월로276번길 20(구월동)
경기,안성명동점,경기도 안성시 중앙로389번길 23(대천동)
충남,논산취암점,충청남도 논산시 중앙로410번길 11(취암동)
경남,개양오거리점,경상남도 진주시 가좌길74번길 12(가좌동)
경기,용인동백점,"경기도 용인시 기흥구 동백중앙로 283, 125호(중동)"
경기,화성향남2지구점,"경기도 화성시 향남읍 발안양감로 205, 103호"
인천,부평시장역점,인천광역시 부평구 부평대로 67-2(부평동)
서울,반포고투몰점,"서울특별시 서초구 신반포로 지하200, G-002호(잠원동)"
부산,서면롯데호텔점,부산광역시 부산진구 부전로 64(부전동)
경기,안산본오점,경기도 안산시 상록구 샘골로 149(본오동)
인천,인천삼산점,인천광역시 부평구 길주로 639(삼산동)
경기,오산수청점,"경기도 오산시 내삼미로 93, 106호(수청동)"
서울,노원역점,서울특별시 노원구 노해로 459(상계동)
부산,개금시장점,부산광역시 부산진구 가야대로 480-1(개금동)
부산,장전역점,부산광역시 금정구 중앙대로1719번길 30(부곡동)
경기,죽전보정점,"경기도 용인시 기흥구 죽전로 33, 103호(보정동)"
경기,포천신읍점,경기도 포천시 구절초로 20(신읍동)
제주,제주남원점,제주특별자치도 서귀포시 남원읍 태위로 660
경기,수원고색산업단지점,"경기도 수원시 권선구 산업로 180, 106호(고색동)"
서울,구로깔깔거리점,서울특별시 구로구 시흥대로 557(구로동)
제주,제주서홍점,제주특별자치도 서귀포시 중앙로 199(서홍동)
경기,일산라페스타점,경기도 고양시 일산동구 무궁화로 31-21풍성프라자 1층 109호(장항동)
경기,부천상동점,"경기도 부천시 상동로 113, 114호(상동)"
강원,원주단구점,강원도 원주시 서원대로 392(단구동)
경기,옥정신도시점,"경기도 양주시 옥정동로7나길 15, 103호(옥정동)"
전남,나주빛가람점,전라남도 나주시 상야1길 7예가람타워 105호(빛가람동)
인천,인천산곡점,인천광역시 부평구 마장로 310(산곡동)
서울,위례와이즈더샵점,"서울특별시 송파구 위례광장로 270, 120호(장지동, 송파와이즈더샵)"
광주,조선대점,광주광역시 동구 필문대로273번길 5(동명동)
부산,해운대NC점,부산광역시 해운대구 해운대로 813(좌동)
서울,화곡역점,서울특별시 강서구 화곡로 160(화곡동)
경기,고양삼송시티점,"경기도 고양시 덕양구 동송로 33, 1-007호(동산동)"
서울,월곡두산점,서울특별시 성북구 오패산로 46월곡두산위브아파트 106호(하월곡동)
경기,평택대점,경기도 평택시 현신2길 8(용이동)
서울,공덕오거리점,서울특별시 마포구 새창로 10(도화동)
경기,수원영통구청점,경기도 수원시 영통구 효원로 387(매탄동)
전남,광양중동점,전라남도 광양시 공영로 74(중동)
인천,인천가정지구점,인천광역시 서구 청중로478번길 7(가정동)
경기,지행역점,경기도 동두천시 지행로 64(지행동)
전북,전주아중점,전라북도 전주시 덕진구 무삼지로 35(인후동1가)
강원,춘천석사점,"강원도 춘천시 퇴계농공로 22, 110호(석사동)"
인천,가정역점,인천광역시 서구 봉오재3로 90(가정동)
경기,수원정자점,경기도 수원시 장안구 대평로 80 정연메이저빌딩 129호
경기,광명하안점,경기도 광명시 하안로 310(하안동)
인천,구월아시아드점,인천광역시 남동구 선수촌공원로 25(구월동)
서울,은행사거리점,"서울특별시 노원구 한글비석로 270, 105호(중계동)"
경기,김포초당마을점,경기도 김포시 김포한강2로 88(장기동)
전북,군산지곡점,전라북도 군산시 신지길 10(지곡동)
부산,온천장점,부산광역시 동래구 온천장로 52(온천동)
경남,내서호계점,경상남도 창원시 마산회원구 내서읍 광려천북로 184코코프라자 1층
경기,안산초지점,경기도 안산시 단원구 광덕1로 61(초지동)
경기,동탄능동점,경기도 화성시 동탄지성로 140 (능동)
경기,용인역북점,경기도 용인시 처인구 명지로60번길 8-4(역북동)
서울,잠실레이크팰리스점,서울특별시 송파구 석촌호수로 140(삼전동)
인천,인천청천점,인천광역시 부평구 마장로 385(산곡동)
경기,미사강변점,"경기도 하남시 미사강변대로 90, 108호(풍산동)"
부산,당리점,부산광역시 사하구 제석로 56(당리동)
광주,전대후문점,광주광역시 북구 우치로90번길 8(용봉동)
경기,경기광주신현점,경기도 광주시 오포읍 신현로 66
서울,서초법원점,서울특별시 서초구 서초대로 271(서초동)
부산,괴정역점,부산광역시 사하구 사하로 184(괴정동)
경기,파주교하점,"경기도 파주시 청석로 264, 102호 (동패동)"
경기,동탄카림3차점,"경기도 화성시 동탄순환대로12길 85, 106호(산척동, 그린힐 반도유보라 아이비파크 10)"
경북,포항중앙점,경상북도 포항시 북구 중앙상가2길 13-1(남빈동)
경기,김포구래역점,"경기도 김포시 김포한강4로 487, 1063호(구래동, 한강신도시 반도유보라 4차)"
경기,수원권선중앙점,경기도 수원시 권선구 동수원로242번길 6(권선동)
경기,오산고현점,경기도 오산시 남부대로 411-12(고현동)
서울,연신내역점,서울특별시 은평구 통일로 855-15(갈현동)
충남,아산용화점,충청남도 아산시 용화로 77(용화동)
경북,구미역점,경상북도 구미시 구미중앙로13길 3(원평동)
부산,부산허심청점,부산광역시 동래구 온천장로 125(온천동)
전북,전주만성지구점,전라북도 전주시 덕진구 만성중앙로 45(만성동)
서울,신림프라임법학원점,서울특별시 관악구 신림로 90(신림동)
전북,전주반월점,전라북도 전주시 덕진구 쪽구름로 1201동 103호(반월동)
대구,대구황금점,대구광역시 수성구 청수로26길 36(두산동)
경기,미사중앙점,"경기도 하남시 미사강변중앙로 219, 106호(망월동)"
서울,강동구청점,"서울특별시 강동구 성내로 11, 105호(성내동)"
인천,경인교대입구역점,인천광역시 계양구 계양대로 156(계산동)
충남,금산점,충청남도 금산군 금산읍 비단로 325
부산,명장점,부산광역시 동래구 명장로48번길 14(명장동)
충남,당진현대제철점,"충청남도 당진시 송산면 가곡로 156, 104호"
경기,수원호매실점,경기도 수원시 권선구 금곡로196번길 61(금곡동)
경기,수원천천점,경기도 수원시 장안구 덕영대로535번길 38(천천동)
경기,구래신도시점,경기도 김포시 김포한강9로75번길 180두원타워 122호(구래동)
경기,김포장기점,경기도 김포시 김포한강1로51번길 28(장기동)
경기,용인한숲시티점,"경기도 용인시 처인구 남사면 한숲로 45, 36호"
서울,까치산역점,서울특별시 강서구 강서로 33(화곡동)
경기,운정이마트점,경기도 파주시 미래로 371 (동패동)
광주,수완점,광주광역시 광산구 장신로147번길 5-18(수완동)
경기,상동로데오점,"경기도 부천시 상동로 79, 106호(상동)"
부산,주례보훈병원점,"부산광역시 사상구 양지로 3대성아파트상가 105호, 106호(주례동)"
경기,수지상현점,"경기도 용인시 수지구 만현로 120, 126호(상현동)"
인천,인천불로점,인천광역시 서구 검단로 842(불로동)
서울,양천구청점,서울특별시 양천구 목동서로 389(신정동)
경기,수원망포점,"경기도 수원시 영통구 태장로 83, 104호(망포동)"
경기,배곧로얄팰리스점,"경기도 시흥시 서울대학로264번길 26-11,106호(정왕동)"
강원,춘천명동점,강원도 춘천시 명동길 6-2(중앙로2가)
인천,인천간석올리브점,인천광역시 남동구 석산로 156(간석동)
경기,일산원당시장점,경기도 고양시 덕양구 호국로790번길 171층 110호(성사동)
인천,인천함박마을점,인천광역시 연수구 비류대로433번길 10(연수동)
인천,인천서구청점,인천광역시 서구 탁옥로51번길 2(심곡동)
경기,구리역점,"경기도 구리시 건원대로34번길 17, 101호(인창동)"
인천,인천용현점,인천광역시 미추홀구 낙섬중로 43(용현동)
경기,김포풍무점,"경기도 김포시 풍무로146번길 18, 123호(풍무동)"
전남,여수무선점,전라남도 여수시 화산로 131(화장동)
충남,당진기지시점,"충청남도 당진시 송악읍 반촌로 70-16, 105호"
강원,강릉유천지구점,강원도 강릉시 선수촌로63번길 14-16(홍제동)
제주,제주516도로점,제주특별자치도 서귀포시 516로 188(토평동)
인천,인천연수점,인천광역시 연수구 먼우금로 190(연수동)
강원,춘천후평점,강원도 춘천시 후석로 326(후평동)
경기,다산부영점,경기도 남양주시 다산중앙로82번안길 115-41층 101호(다산동)
경기,화성향남1지구점,경기도 화성시 향남읍 발안로 116
인천,인천한림병원점,인천광역시 계양구 장제로 717(작전동)
대전,대전목원대점,대전광역시 서구 동서대로 692(도안동)
충남,당진읍내점,충청남도 당진시 당진중앙2로 91(읍내동)
인천,주안북부역점,인천광역시 미추홀구 길파로 15(주안동)
서울,천호로데오점,서울특별시 강동구 천호대로157길 23(천호동)
광주,광주충장로점,광주광역시 동구 충장로 77-1(충장로3가)
광주,광주비아점,광주광역시 광산구 비아로 12(비아동)
경기,용인처인구청점,경기도 용인시 처인구 금령로 62(김량장동)
서울,동부이촌점,서울특별시 용산구 이촌로 248 31동한강맨션 108호(이촌동)
경기,평촌학원가점,"경기도 안양시 동안구 평촌대로 116, 101호(평촌동)"
광주,광주동명점,광주광역시 동구 장동로 23-20(장동)
부산,해운대중동이마트점,부산광역시 해운대구 좌동순환로 55센트럴메디타워 105호(좌동)
부산,가야홈플러스점,부산광역시 부산진구 가야대로498번길 28-3(가야동)
인천,인천가좌점,인천광역시 서구 원적로 91 108호(가좌동)
인천,인천송현점,인천광역시 동구 수문통로 54-1(송현동)
세종,세종아름점,"세종특별자치시 보듬3로 92, 2동 109호(아름동)"
광주,광주일곡점,광주광역시 북구 설죽로 506-9(일곡동)
경북,김천점,경상북도 김천시 시청로 66(신음동)
충북,옥천점,충청북도 옥천군 옥천읍 금장로 49-1
경남,창원감계점,경상남도 창원시 의창구 북면 감계로 306MG빌딩 101-1호
대전,대전전민점,대전광역시 유성구 전민로58번길 61(전민동)
경기,역곡북부역점,경기도 부천시 역곡로 7(역곡동)
경기,부천중동현대점,경기도 부천시 석천로169번길 34(중동)
강원,원주무실점,"강원도 원주시 능라동길 48-1, 103호(무실동)"
경기,대광리역점,경기도 연천군 신서면 연신로 1158-5(도신리)
경기,동탄반도카림2차점,경기도 화성시 동탄광역환승로 73동탄역 반도유보라 아이비파크 8.0 E004호
강원,인제원통점,강원도 인제군 북면 원통로147번길 37(원통리)
부산,부산진구청점,부산광역시 부산진구 시민공원로 11서면쌍용스윗닷홈SKY 102동 107호(부암동)
부산,유엔평화로점,부산광역시 남구 유엔평화로 11(대연동)
광주,광주방림점,광주광역시 남구 용대로 138(방림동)
부산,해운대시장점,"부산광역시 해운대구 중동1로 35, 1층(중동)"
경기,기흥역점,경기도 용인시 기흥구 기흥역로 63힐스테이트 기흥 301동 104호(구갈동)
충남,아산풍기점,충청남도 아산시 어의정로 184아산풍기이지더원아파트 4동 105호(풍기동)
경기,동탄한림대병원점,경기도 화성시 삼성1로 150(석우동)
경기,동탄목동점,"경기도 화성시 동탄순환대로18길 16, 112호(목동)"
대전,대전시청역점,대전광역시 서구 둔산중로 50파이낸스빌딩 110호(둔산동)
전남,목포북항점,전라남도 목포시 청호로 177(산정동)
서울,동교점,서울특별시 마포구 월드컵북로6길 64(동교동)
광주,광주월곡점,광주광역시 광산구 월곡산정로 91-1(월곡동)
경남,양산증산역점,경상남도 양산시 물금읍 증산역로 177라피에스타 1층 1-210호(가촌리)
서울,은평뉴타운점,"서울특별시 은평구 진관3로 21, 117호(진관동)"
경기,수원로데오점,경기도 수원시 팔달구 매산로 21-11(매산로1가)
경기,오산시청점,경기도 오산시 성호대로 127(오산동)
경북,대구대학점,"경상북도 경산시 진량읍 대구대로 244, 1층(내리리)"
경기,양주고읍점,"경기도 양주시 고읍남로 13, 110호(광사동)"
경기,부천옥길지구점,경기도 부천시 옥길로 113(옥길동)
경기,수내역점,경기도 성남시 분당구 황새울로258번길 32코리아나빌딩 105호(수내동)
광주,광주첨단점,광주광역시 광산구 첨단중앙로106번길 11(월계동)
광주,광주양산점,광주광역시 북구 하서로 428 상록수타워 105호(용두동)
울산,울산중구홈플러스점,울산광역시 중구 번영로 475(복산동)
강원,강원도양양점,강원도 양양군 양양읍 양양로 66(남문리)
경기,동탄나루마을점,경기도 화성시 동탄솔빛로 62(반송동)
충남,천안백석점,충청남도 천안시 서북구 한들3로 35-5(백석동)
경기,평택청북점,경기도 평택시 청북읍 안청로2길 33-2(옥길리)
서울,목동역점,"서울특별시 양천구 오목로 232(신정동, 보성팰리스)"
경기,범계로데오점,경기도 안양시 동안구 평촌대로223번길 28(호계동)
전남,전남장성점,전라남도 장성군 장성읍 영천로 166-1(영천리)
경남,창원봉곡점,경상남도 창원시 성산구 창원천로 292반송대동아파트 101-1호(반지동)
광주,호남대점,광주광역시 광산구 선운로 9(선암동)
인천,인천길병원점,인천광역시 남동구 구월남로 198(구월동)
서울,상계역점,서울특별시 노원구 덕릉로83길 18(중계동)
충남,천안두정중앙점,충청남도 천안시 서북구 원두정8길 17(두정동)
인천,인천박촌역점,인천광역시 계양구 장제로 1004(박촌동)
전북,전주삼천중앙점,전라북도 전주시 완산구 용리로 127(삼천동1가)
대구,대구다사점,대구광역시 달성군 다사읍 달구벌대로 881(매곡리)
경기,산본역점,"경기도 군포시 산본로323번길 4-17, 103호(산본동)"
부산,부산어린이대공원점,부산광역시 부산진구 성지로 159(초읍동)
충남,천안불당파크힐점,"충청남도 천안시 서북구 불당23로 73-27, 111호(불당동)"
대구,대구방촌점,대구광역시 동구 동촌로 242(방촌동)
서울,화랑대역점,"서울특별시 노원구 노원로1길 9(공릉동, 해중빌딩)"
경기,홈플러스안산선부점,경기도 안산시 단원구 삼일로 316(선부동)
경기,파주적성점,경기도 파주시 적성면 청송로 1020
경기,야탑점,"경기도 성남시 분당구 야탑로69번길 21, 103-104호(야탑동)"
광주,광주소촌점,광주광역시 광산구 소촌로 144(소촌동)
경기,김포운양점,"경기도 김포시 김포한강11로 288-27, 110호(운양동)"
경기,정자점,경기도 성남시 분당구 정자일로 230동양정자파라곤 116호(정자동)
충남,천안법조타운점,충청남도 천안시 동남구 청수14로 68(청당동)
광주,광주봉선점,광주광역시 남구 봉선중앙로 28(봉선동)
경남,진주시청점,경상남도 진주시 동진로 177(상대동)
경기,광주경안점,경기도 광주시 중앙로 94(역동)
충북,충주연수점,충청북도 충주시 갱고개로 140(연수동)
서울,합정역점,서울특별시 마포구 양화로 46-1(합정동)
서울,목동시장점,서울특별시 양천구 목동중앙남로11길 8(목동)
충남,천안신방지구점,충청남도 천안시 동남구 통정11로 49(신방동)
서울,홍대L7점,"서울특별시 마포구 월드컵북로 8, 1층(동교동)"
광주,광주송정역점,광주광역시 광산구 상무대로 207(송정동)
광주,광주첨단쌍암점,광주광역시 광산구 첨단강변로 97(쌍암동)
경남,통영북신점,경상남도 통영시 해미당5길 5(북신동)
전북,전주서신점,전라북도 전주시 완산구 서신로 4(서신동)
서울,공릉역점,서울특별시 노원구 동일로192길 30(공릉동)
경기,광명소하점,경기도 광명시 소하로 86(소하동)
서울,금천롯데캐슬점,"서울특별시 금천구 벚꽃로 40(독산동, 금천롯데캐슬골드파크1차아파트)"
인천,인천나은병원점,인천광역시 서구 원적로 33(가좌동)
전남,순천중앙점,전라남도 순천시 중앙6길 19(중앙동)
부산,센텀비스타점,부산광역시 수영구 무학로63번길 142센텀비스타동원2차 제 401동 상가 지하 2층 제 108호
서울,오목교점,서울특별시 양천구 오목로 315(목동)
경기,금촌역점,경기도 파주시 중앙로 330 (금촌동)
대구,대구죽전역점,대구광역시 달서구 달구벌대로 1545골든뷰 메디타워 1층 103호(죽전동)
경기,NC모란점,"경기도 성남시 중원구 성남대로 1136, B1층(성남동)"
서울,보라매타운점,서울특별시 동작구 보라매로5가길 16보라매아카데미타워 103-1호(신대방동)
서울,외대앞역점,서울특별시 동대문구 휘경로 24(이문동)
서울,미아역점,서울특별시 강북구 도봉로 201-2(미아동)
인천,산곡고점,"인천광역시 부평구 부영로189번길 51, 123호(산곡동)"
전남,여수미평점,전라남도 여수시 만성로 69(미평동)
인천,송도하버뷰점,인천광역시 연수구 해돋이로 168-5(송도동)
충남,천안프라디움시티점,"충청남도 천안시 서북구 공원로 176, B204호(불당동)"
경기,가평점,경기도 가평군 가평읍 가화로 110-1(읍내리)
경남,창원상남점,경상남도 창원시 성산구 원이대로 668황강빌딩 제1층 105호(상남동)
부산,부산차이나타운점,"부산광역시 동구 중앙대로 181, 1층(초량동)"
인천,신기시장점,인천광역시 미추홀구 인하로 271(주안동)
전북,전북혁신점,전라북도 완주군 이서면 기지로 56(갈산리)
대전,대전을지병원점,"대전광역시 서구 둔산로51번길 66, 1층 104호(둔산동)"
서울,창동역점,서울특별시 도봉구 마들로11가길 13(창동)
경기,구리돌다리점,경기도 구리시 검배로6번길 3(수택동)
전남,순천조례점,전라남도 순천시 봉화2길 14(조례동)
부산,감만점,부산광역시 남구 석포로 24(감만동)
경기,평택동삭점,"경기도 평택시 상서재로 50, 121호(동삭동, 평택센트럴자이 4단지)"
충남,당진터미널점,"충청남도 당진시 밤절로 146, 104호(수청동)"
경기,동탄KTX벨리점,경기도 화성시 동탄첨단산업1로 14동탄ktx밸리 103호(영천동)
경기,판교테크노밸리점,경기도 성남시 분당구 대왕판교로 670(삼평동)
경기,소사삼거리점,경기도 부천시 호현로 491-1(소사본동)
광주,광주하남점,"광주광역시 광산구 풍영철길로 15콜럼버스월드 201-3호,4호(우산동)"
경남,진주문산점,경상남도 진주시 문산읍 월아산로 1075(삼곡리)
경남,진해자은점,경상남도 창원시 진해구 냉천로 164탑빌딩 1층 107호(자은동)
경북,구미비산점,경상북도 구미시 신비로 115(비산동)
서울,중랑역점,"서울특별시 중랑구 망우로 203(중화동, 중화동주상복합)"
경기,봉담점,"경기도 화성시 봉담읍 동화길 93-8, 108호(동화리)"
인천,부평중앙점,인천광역시 부평구 부평대로 42(부평동)
인천,인천원당점,인천광역시 서구 고산후로95번길 18(당하동)
경기,일산후곡점,경기도 고양시 일산서구 일산로 529(일산동)
광주,광주첨단2지구점,광주광역시 북구 첨단연신로107번길 19(신용동)
부산,문현점,"부산광역시 남구 고동골로 42-1베스티움 상가 103, 104호(문현동)"
인천,백운현대점,인천광역시 부평구 경원대로 1246(산곡동)
충남,천안용암마을점,충청남도 천안시 서북구 월봉로 126(쌍용동)
인천,청라센텀로제비앙점,"인천광역시 서구 비지니스로 166(청라동, 청라국제 업무단지 센텀 대광로제비앙)"
경북,포항초곡점,경상북도 포항시 북구 흥해읍 초곡지구로58번길 52초곡삼구트리니엔시티 135동 509호(초곡리)
인천,인하대점,인천광역시 미추홀구 경인남길30번길 50(용현동)
경북,포항문덕점,경상북도 포항시 남구 오천읍 원동로 69(원리)
대구,대구신월성점,"대구광역시 달서구 조암로 29월성동이래타워 제1,2층 101호(월성동)"
경기,의정부금오점,"경기도 의정부시 부용로 105, 105호(금오동)"
인천,인천검암2지구점,인천광역시 서구 승학로 567(검암동)
서울,시흥중앙점,서울특별시 금천구 금하로 713-1(시흥동)
서울,북가좌점,서울특별시 서대문구 응암로 108(북가좌동)
전북,전주삼천점,전라북도 전주시 완산구 용리로 55(효자동1가)
경기,위례호반점,"경기도 성남시 수정구 위례동로 153, 110호(창곡동)"
광주,광주금호점,광주광역시 서구 금화로 91(금호동)
경기,운정가람마을점,"경기도 파주시 미래로 622, 107호 (와동동)"
광주,광주평동점,광주광역시 광산구 평동로 814(옥동)
경남,거제계룡점,경상남도 거제시 동문천로 61(고현동)
인천,송도파크자이점,인천광역시 연수구 앵고개로 104번길 4준빌딩 105호(동춘동)
경기,부천중동시장점,"경기도 부천시 부흥로 197, 104호(중동)"
충남,서산호수공원점,충청남도 서산시 호수공원3로 56(예천동)
인천,인천차이나타운점,인천광역시 중구 차이나타운로 25(북성동3가)
인천,영종하늘도시점,"인천광역시 중구 하늘중앙로195번길 14, 134호(중산동)"
경기,파주야당역점,경기도 파주시 경의로 1090 (야당동)
전남,목포남악점,전라남도 무안군 삼향읍 남악2로74번길 39광일프라자 102호(남악리)
부산,광안자이점,부산광역시 수영구 호암로29번길 63(광안동)
경기,소새울역점,경기도 부천시 소사로 130(소사본동)
인천,용현SK점,인천광역시 미추홀구 독배로317번길 23-1(용현동)
경기,오산세교점,경기도 오산시 수청로 197(금암동)
경기,군포당동점,경기도 군포시 군포로456번길 13(당동)
서울,개봉북부역점,"서울특별시 구로구 경인로40길 25(개봉동, 청실아파트)"
인천,부평남부역점,인천광역시 부평구 육동로 20(부평동)
경기,고양관산점,경기도 고양시 덕양구 통일로780번길 15(관산동)
전남,여수여서점,전라남도 여수시 여서로 168-1(여서동)
서울,동양미래대학점,서울특별시 구로구 경인로47길 26(고척동)
서울,홍제역점,서울특별시 서대문구 세무서길 6(홍제동)
서울,방화역점,"서울특별시 강서구 금낭화로 146, 107호(방화동)"
경기,주엽역점,경기도 고양시 일산서구 주화로 70(주엽동)
충북,청주오송점,충청북도 청주시 흥덕구 오송읍 오송생명5로 184-4(연제리)
경기,파주당동점,경기도 파주시 문산읍 당동1로 43(당동리)
광주,광주효천2지구점,광주광역시 남구 효우2로 34(행암동)
경남,양산범어점,경상남도 양산시 물금읍 범구로 14오슬로파크 M동 8호(범어리)
전북,전주효자휴먼시아점,전라북도 전주시 완산구 호암로 80(효자동2가)
서울,석계역점,서울특별시 노원구 화랑로 337(월계동)
서울,노원중앙점,서울특별시 노원구 노해로 509(상계동)
서울,동대문점,서울특별시 중구 장충단로13길 13(을지로6가)
전북,전주에코시티점,전라북도 전주시 덕진구 세병로 178-4메디컬시티빌딩 102호(송천동2가)
경기,회룡역점,경기도 의정부시 외미로 95(호원동)
경기,양평물맑은시장점,경기도 양평군 양평읍 양평시장길7번길 2(양근리)
전남,순천금당점,전라남도 순천시 해룡면 장선배기길 284청솔1차아파트(상삼리)
부산,수영구청점,부산광역시 수영구 광남로48번길 5(남천동)
인천,부평미래타운점,"인천광역시 부평구 영성서로 37, 105호(삼산동)"
세종,세종다정점,"세종특별자치시 다정중앙로 52, 101호(다정동)"
경기,의왕포일점,경기도 의왕시 안양판교로 99(포일동)
경기,금촌로터리점,경기도 파주시 번영로 1 (금촌동)
경기,다산중앙점,"경기도 남양주시 다산중앙로 105-14, 102호(다산동)"
서울,중곡역점,서울특별시 광진구 능동로 403-1(중곡동)
경기,정자엠코점,경기도 성남시 분당구 정자일로 136(정자동)
경기,시흥능곡역점,"경기도 시흥시 장현능곡로 184, 103호(능곡동)"
광주,광주유촌점,"광주광역시 서구 상무버들로 24(유촌동,유촌동명성빌딩)"
부산,주례삼선병원점,부산광역시 사상구 가야대로318번길 14(주례동)
경기,동탄산척점,경기도 화성시 동탄순환대로 263(산척동)
충북,청주테크노폴리스점,충청북도 청주시 흥덕구 송화로 156(송절동)
서울,등촌성당점,"서울특별시 강서구 공항대로41길 43, 103호(등촌동)"
경기,청평점,경기도 가평군 청평면 청평중앙로 60(청평리)
서울,대치학원가점,"서울특별시 강남구 도곡로77길 6, 102호(대치동)"
경기,남양주2청사점,경기도 남양주시 다산지금로16번길 43(다산동)
인천,구월정각초점,인천광역시 남동구 용천로 82(구월동)
광주,광주진월점,광주광역시 남구 금당로 2 천운빌딩(진월동)
광주,광주풍암점,광주광역시 서구 회재로 1054 유수빌딩(풍암동)
부산,동래롯데점,부산광역시 동래구 동래로 11(온천동)
경기,일산중산마을점,경기도 고양시 일산동구 중산로 244(중산동)
서울,목동파리공원점,서울특별시 양천구 목동서로 65목동가든스위트 112호(목동)
인천,인천한화에코점,인천광역시 남동구 에코중앙로156번길 5-27(논현동)
경기,부천남부역점,경기도 부천시 경인로 222(심곡본동)
인천,인천시민공원역점,인천광역시 미추홀구 경인로 363-1(주안동)
인천,인천연희점,인천광역시 서구 승학로 319(연희동)
경북,구미송정점,경상북도 구미시 송정대로 90(송정동)
광주,광주쌍촌점,광주광역시 서구 내방로 247상무 한국아델리움 131동 101호(쌍촌동)
광주,광주농성점,광주광역시 서구 죽봉대로 42-1(농성동)
경남,진주정촌점,경상남도 진주시 정촌면 삼일로72번길 12
전북,전주서곡점,전라북도 전주시 완산구 세내로 542(효자동3가)
충남,천안성성레이크타운점,충청남도 천안시 서북구 성성8로 2-30(성성동)
서울,회기역점,서울특별시 동대문구 회기로 194(휘경동)
경기,의정부로데오점,경기도 의정부시 행복로 19(의정부동)
인천,계산도두리점,인천광역시 계양구 도두리로 58(작전동)
충북,천안쌍용점,충청남도 천안시 서북구 봉서5길 1(쌍용동)
서울,길음뉴타운점,서울특별시 성북구 길음로 33길음뉴타운 11호(길음동)
인천,부평금호점,인천광역시 부평구 원길로 17(청천동)
인천,부평신트리점,인천광역시 부평구 길주남로 33(부평동)
경남,남양점,경상남도 창원시 성산구 가양로 97위드파크상가 101호(남양동)
전북,전북도청점,전라북도 전주시 완산구 홍산남로 501층 104호(효자동2가)
경기,대화역점,경기도 고양시 일산서구 중앙로 1564(대화동)
경기,남양주양지점,경기도 남양주시 오남읍 진건오남로 804(양지리)
인천,인천만수향촌점,인천광역시 남동구 만수서로 62(만수동)
세종,세종보람점,"세종특별자치시 한누리대로 2135, 108호(보람동)"
전북,전주평화점,전라북도 전주시 완산구 모악로 4688(평화동2가)
경기,동탄퍼스트코리아점,경기도 화성시 동탄첨단산업1로 58(영천동)
충북,청주성안길점,충청북도 청주시 상당구 성안로 21(북문로1가)
인천,인천서구경서점,"인천광역시 서구 도요지로 25, 102호(경서동)"
경남,하동점,경상남도 하동군 하동읍 경서대로 124(광평리)
전남,여수여천점,전라남도 여수시 쌍봉로 36-1(학동)
제주,성산일출봉점,제주특별자치도 서귀포시 성산읍 일출로 284-3(성산리)
경기,병점역점,"경기도 화성시 떡전골로 96-4, 102호(병점동)"
경기,동탄더퍼스트타워점,경기도 화성시 동탄대로21길 10(영천동)
인천,제물포남부역점,"인천광역시 미추홀구 수봉로 7 (숭의동, 제물포아파트)"
충남,내포중앙점,"충청남도 홍성군 홍북읍 청사로174번길 12,105호(신경리)"
인천,소래포구역점,인천광역시 남동구 소래역로 36(논현동)
경기,백석역점,경기도 고양시 일산동구 일산로 46(백석동)
제주,서귀포효돈점,"제주특별자치도 서귀포시 일주동로 8088, 1층(하효동)"
광주,광주치평점,광주광역시 서구 상무평화로 89(치평동)
부산,하단오거리점,부산광역시 사하구 낙동대로 478(하단동)
강원,원주중앙점,강원도 원주시 원일로 113-1(일산동)
경기,부천오정점,"경기도 부천시 오정로 249, 115호(오정동)"
인천,인천성민병원점,"인천광역시 서구 신석로 82(석남동, 신화빌라트)"
경기,다산지금지구점,경기도 남양주시 다산지금로 136(다산동)
인천,인천옥련점,인천광역시 연수구 독배로 49(옥련동)
인천,동암북부역점,인천광역시 부평구 동암광장로 18(십정동)
경기,별내로데오점,경기도 남양주시 별내중앙로 59(별내동)
서울,신방화역점,"서울특별시 강서구 마곡중앙5로 87, 101호(마곡동)"
전남,목포하당점,전라남도 목포시 비파로43번길 30(상동)
부산,용호점,"부산광역시 남구 용호로 138, 1층(용호동)"
경기,미금역점,경기도 성남시 분당구 돌마로 68(구미동)
서울,오류남부점,서울특별시 구로구 오류로8길 20(오류동)
대구,지산범물점,대구광역시 수성구 용학로 214(지산동)
경기,남양주청학점,경기도 남양주시 별내면 청학로중앙길 9(청학리)
서울,쌍문세라믹점,서울특별시 도봉구 도당로 14(쌍문동)
경기,남양주평내점,경기도 남양주시 경춘로1256번길 9(평내동)
경기,철산로데오점,"경기도 광명시 오리로856번길 8, 102호(철산동)"
충남,부여터미널점,충청남도 부여군 부여읍 사비로 104(구아리)
광주,광주용봉점,광주광역시 북구 비엔날레로 93(용봉동)
부산,당감점,부산광역시 부산진구 동평로 92(당감동)
인천,인천작전점,"인천광역시 계양구 계양대로 44, 106호(작전동)"
경기,용인흥덕점,경기도 용인시 기흥구 흥덕2로87번길 18(영덕동)
서울,암사역점,서울특별시 강동구 올림픽로 783(암사동)
강원,인제신남점,강원도 인제군 남면 신남로 28(신남리)
경기,용인둔전점,경기도 용인시 처인구 포곡읍 포곡로 114(둔전리)
경기,풍무당곡고개점,"경기도 김포시 풍무로 62, 105호(풍무동)"
대구,대구동호점,"대구광역시 동구 동호로 77 ,1층(신서동)"
서울,구산사거리점,서울특별시 은평구 서오릉로 201(구산동)
경북,상주경북대점,경상북도 상주시 경상대로 2560-7(가장동)
광주,광주수완임방울점,광주광역시 광산구 임방울대로 215(신가동)
부산,더블유점,부산광역시 남구 분포로 145W스퀘어 1107호(용호동)
서울,마곡중앙점,"서울특별시 강서구 마곡동로 62, 111호(마곡동)"
경기,일산풍동점,경기도 고양시 일산동구 숲속마을1로 71(풍동)
서울,건대학생회관점,서울특별시 광진구 능동로 120 학생회관(화양동)
서울,신용산역점,서울특별시 용산구 한강대로 130-3(한강로2가)
강원,원주터미널점,"강원도 원주시 북원로 2235-4, 111호(단계동)"
서울,미아롯데점,서울특별시 강북구 도봉로10길 38(미아동)
서울,먹골역점,"서울특별시 중랑구 동일로 932(묵동,묵동자이아파트)"
경기,봉담원희캐슬점,"경기도 화성시 봉담읍 동화길 51, 142호(동화리)"
인천,송도글로벌캠퍼스점,인천광역시 연수구 송도문화로28번길 28송도글로벌캠퍼스푸르지오 203동 135호(송도동)
경기,덕소삼거리점,경기도 남양주시 와부읍 덕소로 89(덕소리)
인천,인천예술회관역점,인천광역시 남동구 예술로192번길 31(구월동)
전북,원광대점,전라북도 익산시 무왕로4길 18(신동)
경기,화정역점,경기도 고양시 덕양구 화중로104번길 26한솔타워 3호(화정동)
경기,일산문화광장점,"경기도 고양시 일산동구 중앙로1275번길 38-15,101호(장항동)"
경기,일산백마마을점,경기도 고양시 일산동구 일산로 238(마두동)
경기,수원금곡점,경기도 수원시 권선구 금곡로102번길 29(금곡동)
광주,광주신창점,광주광역시 광산구 신창로 80(신창동)
부산,연산파크시티점,부산광역시 연제구 신금로 25노블레스스퀘어 1층 149호(연산동)
광주,광주효천1지구점,광주광역시 남구 효천2로가길 20중흥 S-CLASS 에코시티상가 101호(임암동)
경기,퇴계원점,경기도 남양주시 퇴계원읍 퇴계원로 60(퇴계원리)
경기,옥길중앙점,경기도 부천시 범안로219번길 19부천옥길자이 B215호(옥길동)
서울,발산중앙점,서울특별시 강서구 우장산로2길 49(내발산동)
경기,양주신산점,경기도 양주시 남면 개나리길 76(신산리)
전북,익산영등제일점,"전라북도 익산시 고봉로30길 11, 109동 101호(영등동)"
충남,천안남서울대점,충청남도 천안시 서북구 성환읍 성진로 80-6
인천,호구포역점,인천광역시 남동구 논현로26번길 15(논현동)
서울,신정네거리역점,서울특별시 양천구 중앙로 265(신정동)
서울,명지대점,서울특별시 서대문구 증가로 150DMC센트럴아이파크 B동 306호(남가좌동)
경기,용인언남점,경기도 용인시 기흥구 구성로 103(언남동)
강원,강릉중앙점,강원도 강릉시 신대학길 24(금학동)
경기,오산로데오점,경기도 오산시 오산로212번길 5(원동)
경기,부천소사본점,"경기도 부천시 소사동로 82, 102호(소사본동)"
인천,인천화전초교점,인천광역시 계양구 효서로 305(작전동)
충남,서산테크노밸리점,"충청남도 서산시 성연면 성연3로 45, 101호(일람리)"
광주,광주518공원점,광주광역시 서구 상무민주로 99-1오양빌딩 1층(쌍촌동)
경기,가평설악점,경기도 가평군 설악면 신천중앙로 98(신천리)
인천,인천만월초점,인천광역시 남동구 인하로 616(구월동)
경기,김포감정점,경기도 김포시 중봉1로 9(감정동)
대전,대전관저점,대전광역시 서구 구봉로131번길 20라임빌딩 104호(관저동)
인천,부평구청역점,"인천광역시 부평구 부평대로 152, 102호(부평동)"
경기,모란역점,"경기도 성남시 중원구 광명로 4(성남동, 아트팰리스)"
광주,광주오치점,광주광역시 북구 설죽로 334(오치동)
경기,시흥은계중앙점,"경기도 시흥시 은계번영길 7, 110호(은행동)"
전남,화순광덕점,전라남도 화순군 화순읍 광덕로 187(만연리)
전남,순천왕조점,전라남도 순천시 조례못등길 18(조례동)
경남,김해장유점,경상남도 김해시 번화1로80번길 15다성빌딩 107호(대청동)
경기,시화로데오점,경기도 시흥시 중심상가2길 22(정왕동)
경기,중동역북부점,"경기도 부천시 중동로 100, 116호(중동)"
경북,경산하양점,경상북도 경산시 하양읍 하양로 66(금락리)
경기,동탄호수공원점,"경기도 화성시 동탄순환대로 127-17, 108호(산척동)"
인천,동암남부역점,"인천광역시 부평구 동암남로 4, 103호(십정동)"
경기,행신햇빛마을점,"경기도 고양시 덕양구 중앙로 554, 109호(행신동)"
경기,화성남양점,경기도 화성시 남양읍 남양성지로 139-6(남양리)
경기,운정해솔마을점,경기도 파주시 와석순환로 425(와동동)
광주,광주양산택지로점,광주광역시 북구 양산택지로51번길 2(양산동)
부산,부산낙민점,부산광역시 동래구 온천천로339번길 51동래꿈에그린아파트 상가 202동 24호(낙민동)
충남,천안불당지웰점,충청남도 천안시 서북구 불당26로 77천안불당 지웰더샵 130호(불당동)
제주,제주이도점,제주특별자치도 제주시 중앙로 293(이도이동)
경기,삼송신원마을점,"경기도 고양시 덕양구 권율대로 885, 106호(신원동)"
인천,인천좋은병원점,인천광역시 서구 청라에메랄드로 84(청라동)
경기,평택이충점,경기도 평택시 이충로35번길 26(이충동)
경기,평택동문점,"경기도 평택시 신촌2로 22, B동 107호(칠원동)"
서울,교대역점,서울특별시 서초구 서초중앙로 107(서초동)
서울,낙성대역점,서울특별시 관악구 남부순환로 1913(봉천동)
서울,문래에이스하이테크점,서울특별시 영등포구 경인로 775에이스하이테크시티 110호(문래동3가)
인천,인천삼산사거리점,인천광역시 부평구 평천로 400(삼산동)
경기,광교역점,"경기도 수원시 영통구 대학로 47, 101호(이의동)"
서울,답십리로데오점,서울특별시 성동구 용답중앙15길 12(용답동)
경기,김포고촌점,경기도 김포시 고촌읍 장차로 4(신곡리)
서울,대치역점,"서울특별시 강남구 삼성로 155, 116호(대치동)"
인천,제물포북부역점,인천광역시 미추홀구 석정로92번길 175(도화동)
광주,광주운암벽산점,광주광역시 북구 서강로54번길 50 201상가동 106호(운암동)
광주,광주운남영천점,광주광역시 광산구 사암로340번길 39(월곡동)
부산,구포시장점,"부산광역시 북구 백양대로 1189, 1층(구포동)"
경기,광주태전점,경기도 광주시 고불로 51(장지동)
경기,수원구운점,경기도 수원시 권선구 구운중로4번길 2(구운동)
인천,인천장기점,인천광역시 계양구 장기로 32(장기동)
경기,위례우남역점,"경기도 성남시 수정구 위례서일로 30, 109호(창곡동)"
서울,양천향교역점,서울특별시 강서구 강서로 471(마곡동)
경기,행신역점,"경기도 고양시 덕양구 충장로 22, 101호(행신동)"
전북,전주송천점,전라북도 전주시 덕진구 솔내로 184(송천동2가)
광주,광주흑석점,광주광역시 광산구 풍영로 93(흑석동)
경남,창원도계점,"경상남도 창원시 의창구 도계로 53, 104호(도계동)"
서울,역말사거리점,서울특별시 은평구 역말로 49 파발리안 101호(역촌동)
경기,탄현큰마을점,경기도 고양시 일산서구 일현로 137(탄현동)
경기,양수리점,경기도 양평군 양서면 양수로 142(양수리)
인천,송도캠퍼스타운역점,"인천광역시 연수구 송도과학로27번길 55(송도동, 롯데캐슬 캠퍼스타운)"
인천,석남점,인천광역시 서구 길주로 91(석남동)
대전,대전관평점,대전광역시 유성구 테크노4로 119리치스카이타워 1층 104호(관평동)
제주,제주도청점,제주특별자치도 제주시 신대로7길 3(연동)
부산,해운대해변점,부산광역시 해운대구 구남로 45(중동)
광주,광주신창휴튼점,광주광역시 광산구 신창로131번길 10신창1차남양휴튼 114호(신창동)
광주,광주동천점,광주광역시 서구 유림로98번길 41(동천동)
경기,미사로데오점,경기도 하남시 미사강변한강로 270-1(망월동)
경기,서판교점,경기도 성남시 분당구 운중로 115(운중동)
경기,의왕오전점,경기도 의왕시 모락로 28(오전동)
경기,오산원동점,경기도 오산시 경기대로 154(원동)
경기,수원율현점,경기도 수원시 팔달구 일월로22번길 11(화서동)
경기,원흥역점,"경기도 고양시 덕양구 삼송로 8, 105호(원흥동)"
제주,제주외도점,제주특별자치도 제주시 우정로 50더펠리스2차 1층(외도일동)
경기,평촌샛별점,경기도 안양시 동안구 달안로 63(비산동)
경기,목감중앙점,"경기도 시흥시 목감우회로 45, 108호(목감동)"
서울,고덕역점,서울특별시 강동구 동남로75길 13-15(명일동)
경기,시흥월곶점,"경기도 시흥시 월곶중앙로 64, 111호(월곶동)"
인천,인천도림점,인천광역시 남동구 논고개로 331(도림동)
인천,영종하늘달빛점,인천광역시 중구 하늘달빛로 88(중산동)
경기,의정부발곡점,"경기도 의정부시 회룡로 178, 112호(장암동)"
인천,간석벽산점,인천광역시 남동구 호구포로 899(간석동)
광주,광주문흥점,광주광역시 북구 서하로 374(문흥동)
울산,울산송정점,울산광역시 북구 박상진3로 55금강펜테리움2차 상가2동 1층 203호(송정동)
부산,부산시청점,부산광역시 연제구 거제시장로14번길 28거제시장 118호(거제동)
대전,대전유성구청점,"대전광역시 유성구 어은로48번길 12, 1층(어은동)"
서울,금호역점,서울특별시 성동구 장터길 30(금호동4가)
경기,동백역점,경기도 용인시 기흥구 동백중앙로 177(중동)
서울,수유점,서울특별시 강북구 도봉로 379(수유동)
경기,수원원천점,"경기도 수원시 영통구 매영로 143, 106호(원천동)"
경기,광교센트럴점,"경기도 수원시 영통구 센트럴타운로 106, 114호(이의동)"
경기,양주덕정점,경기도 양주시 회정로 134(덕정동)
서울,천호역점,"서울특별시 강동구 천호대로 997, 107호(천호동)"
경기,이마트킨텍스점,경기도 고양시 일산서구 킨텍스로 171(대화동)
광주,광주화정현대점,광주광역시 서구 화운로 24유니버시아드 힐스테이트 상가1동 104호(화정동)
부산,안락SK점,부산광역시 동래구 충렬대로459번길 33(안락동)
인천,월미도점,인천광역시 중구 월미로234번길 12(북성동1가)
서울,은평대림시장점,서울특별시 은평구 응암로 174(응암동)
경기,성남도촌점,"경기도 성남시 중원구 도촌남로 27, 108호(도촌동)"
충남,충남홍성점,충청남도 홍성군 홍성읍 아문길29번길 52(오관리)
서울,경복궁역점,서울특별시 종로구 자하문로 11-1(체부동)
세종,조치원역점,세종특별자치시 조치원읍 조치원로 6-1(원리)
경기,테평역점,경기도 성남시 수정구 수정로 71(태평동)
충북,청주율량점,충청북도 청주시 청원구 주성로279번길 271층 105호(주성동)
경기,배곧한라비발디점,경기도 시흥시 배곧1로 27-16한라비발디캠퍼스2차 103호(정왕동)
인천,인천용현유원점,인천광역시 미추홀구 낙섬중로91번길 4-23(용현동)
충북,충주호암점,충청북도 충주시 호암토성2로 3(호암동)
광주,광주수완아울렛점,광주광역시 광산구 풍영로200번길 75(장덕동)
경기,안양덕천래미안점,"경기도 안양시 만안구 태평로60번길 42, 107호(안양동)"
서울,길동역점,서울특별시 강동구 양재대로 1465(길동)
서울,영등포역남부점,서울특별시 영등포구 영신로19길 26-1(영등포동)
서울,삼양점,서울특별시 강북구 솔샘로 213-2(미아동)
인천,인천동양점,인천광역시 계양구 동양로 117(동양동)
서울,구로구청점,서울특별시 구로구 가마산로 268(구로동)
경기,의정부민락KT점,경기도 의정부시 용현로 154(민락동)
인천,간석역점,인천광역시 남동구 석산로 15(간석동)
광주,광주수완성덕점,광주광역시 광산구 풍영로 271(장덕동)
경기,부천북교사거리점,경기도 부천시 조종로 3(원미동)
경기,마두역점,"경기도 고양시 일산동구 장백로 184, 101호(장항동)"
인천,신포점,인천광역시 중구 개항로 29-2(내동)
강원,춘천온의점,강원도 춘천시 춘천로17번길 21(온의동)
제주,제주동문시장점,제주특별자치도 제주시 관덕로 65(일도일동)
인천,간석시장점,인천광역시 남동구 백범로 312-60(간석동)
제주,제주한라대점,제주특별자치도 제주시 한라대학로 82(노형동)
충남,아산테크노밸리점,충청남도 아산시 둔포면 아산밸리중앙로 82(석곡리)
서울,방학역점,서울특별시 도봉구 도봉로150길 40(방학동)
인천,송도SK뷰점,"인천광역시 연수구 랜드마크로 19(송도동, 송도 SK VIEW)"
부산,기장시장점,"부산광역시 기장군 기장읍 차성동로 63,1층 101호(대라리)"
울산,울산명촌점,울산광역시 북구 명촌로 81(명촌동)
서울,시흥사거리점,서울특별시 금천구 시흥대로 227(시흥동)
대구,대구성서점,대구광역시 달서구 성서로 420성서메가타운 1층 111호(이곡동)
경기,수원대점,경기도 화성시 봉담읍 와우로 79(와우리)
경기,한대앞역점,"경기도 안산시 상록구 중보로 49, 112호(이동)"
서울,염창역점,서울특별시 강서구 공항대로 629(염창동)
서울,월곡역점,서울특별시 성북구 화랑로13길 7(하월곡동)
강원,강릉교동택지점,강원도 강릉시 솔올로5번길 55(교동)
경기,배곧고점,"경기도 시흥시 배곧4로 87, 110호(정왕동)"
경기,남양주사능점,경기도 남양주시 진건읍 진건오남로 77(용정리)
서울,상봉역점,서울특별시 중랑구 망우로 304-1(상봉동)
경기,정왕역점,경기도 시흥시 마유로418번길 10(정왕동)
경기,평택비전점,"경기도 평택시 비전2로 192, 103호(비전동)"
경기,평택안중점,"경기도 평택시 안중읍 안현로서6길 48, 101호(현화리)"
경기,김포전원마을점,"경기도 김포시 김포한강11로 133, 101호(운양동)"
서울,신대방삼거리역점,"서울특별시 동작구 보라매로 113, 104호(대방동)"
인천,송도학원가점,인천광역시 연수구 신송로 160(송도동)
광주,광주매곡점,광주광역시 북구 설죽로315번길 42(매곡동)
강원,인제현리점,강원도 인제군 기린면 내린천로 4018(현리)
강원,춘천한숲시티점,"강원도 춘천시 안마산로 115, 101호(퇴계동)"
경기,수원능실마을점,경기도 수원시 권선구 호매실로104번길 901층 105호(호매실동)
경기,양주백석점,경기도 양주시 백석읍 양주산성로 561(복지리)
세종,세종도담점,세종특별자치시 보듬4로 9도램마을11단지 55호-56호(도담동)
서울,상계보람점,서울특별시 노원구 한글비석로 464(상계동)
경기,파주한빛마을점,경기도 파주시 와석순환로 72 (야당동)
서울,신곡시장점,서울특별시 양천구 신월로 175(신월동)
부산,초량점,부산광역시 동구 초량중로 94(초량동)
부산,만덕점,부산광역시 북구 만덕1로 13(만덕동)
대전,대전가수원점,대전광역시 서구 도안동로11번길 45KD U PLAZA 1층 112호(가수원동)
울산,울산성남점,울산광역시 중구 만남의거리 26(성남동)
경기,오리역점,"경기도 성남시 분당구 성남대로 38, 101호(구미동)"
인천,석바위시장점,인천광역시 미추홀구 경원대로 855(주안동)
경기,용인백현마을점,경기도 용인시 기흥구 동백7로 79(동백동)
경기,광교법원점,경기도 수원시 영통구 법조로149번길 122102-103호(하동)
경기,원시역점,경기도 안산시 단원구 별망로 555(원시동)
서울,천왕이펜하우스점,서울특별시 구로구 천왕로 29천왕이펜하우스 4단지 102호(천왕동)
경북,경북문경점,경상북도 문경시 상신로 3(점촌동)
광주,광주용산점,"광주광역시 동구 용산2로 3, 1층 104호(용산동)"
광주,광주상무중앙점,"광주광역시 서구 상무중앙로 57(치평동, S클래스 상가)"
경기,용인신봉마을점,"경기도 용인시 수지구 신봉2로 15, 105호(신봉동)"
경기,이천하이닉스점,경기도 이천시 부발읍 경충대로2092번길 39-7(아미리)
경기,아주대삼거리점,경기도 수원시 영통구 중부대로 260(매탄동)
서울,신촌점,서울특별시 서대문구 연세로5가길 8-6(창천동)
서울,개봉점,서울특별시 구로구 개봉로 70(개봉동)
충북,서원대점,충청북도 청주시 서원구 서원남로 60(모충동)
경기,동탄서연점,"경기도 화성시 동탄대로4길 39, 102호(장지동)"
세종,세종소담점,"세종특별자치시 소담1로 12, 109호(소담동)"
부산,광안역점,부산광역시 수영구 광안로45번길 2광안비취빌리지 101동 101호(광안동)
서울,광운대역점,서울특별시 노원구 석계로 103(월계동)
서울,목동사거리점,"서울특별시 강서구 곰달래로 272, 102호(화곡동)"
경기,여주중앙점,경기도 여주시 세종로 18(홍문동)
인천,영종삼성홈큐브점,"인천광역시 중구 영종대로162번길 26, 110호(운서동)"
제주,제주삼화지구점,제주특별자치도 제주시 건주로 33(도련일동)
서울,성수역점,서울특별시 성동구 아차산로 113(성수동2가)
경기,김포호수초점,"경기도 김포시 김포한강4로420번길 88, 110호(구래동)"
경기,다산KB골든타워점,"경기도 남양주시 다산순환로 350, 112호(다산동)"
경기,곤지암터미널점,경기도 광주시 곤지암읍 곤지암로 57(곤지암리)
제주,제주대점,제주특별자치도 제주시 제주대학로 107(아라이동)
전남,목포용해점,전라남도 목포시 연산백련로 14(연산동)
충북,충북오창점,"충청북도 청주시 청원구 오창읍 중심상업1로 20,124호(양청리)"
서울,쌍문점,서울특별시 도봉구 도봉로 457(쌍문동)
부산,화명역점,부산광역시 북구 금곡대로 287삼환골든뷰 104호(화명동)
전남,여수죽림점,전라남도 여수시 소라면 죽림로 11(죽림리)
경기,광교중앙점,"경기도 수원시 영통구 에듀타운로 25, 101호(이의동)"
경기,구리장자호수점,경기도 구리시 장자대로 82(수택동)
경기,수진역점,경기도 성남시 중원구 광명로 124(성남동)
경기,의왕내손점,경기도 의왕시 포일로 43(내손동)
대전,대전탄방점,대전광역시 서구 문정로 77로데오타운 1층 105호(탄방동)
경북,경주황성점,경상북도 경주시 황성로 15(황성동)
경기,장안구청점,"경기도 수원시 장안구 송원로 83, 109호(조원동)"
경남,유니시티점,경상남도 창원시 의창구 중동로 60창원중동유니시티4단지상가 106호(중동)
부산,안락점,부산광역시 동래구 안락로 136-2(안락동)
전남,무안오룡점,전라남도 무안군 삼향읍 남악5로46번길 7미르빌딩 1층(남악리)
경기,부천테크노파크점,경기도 부천시 삼작로 22(삼정동)
인천,갈산역점,인천광역시 부평구 부평대로 283(청천동)
경기,안산수암점,경기도 안산시 상록구 수인로 2020(수암동)
전북,전북고창점,전라북도 고창군 고창읍 중앙로 240(읍내리)
경기,안산원곡점,경기도 안산시 단원구 원선1로 61경남아너스빌아파트 105호(원곡동)
인천,부평일신점,인천광역시 부평구 일신로14번길 24(일신동)
경기,병점중앙점,경기도 화성시 병점2로 22(병점동)
경남,장유코아점,"경상남도 김해시 장유로 232, 106호(부곡동)"
광주,광주연제점,"광주광역시 북구 양일로 66, 105호(연제동)"
서울,한티역점,"서울특별시 강남구 도곡로 405, 105호(대치동)"
서울,신월사거리점,서울특별시 양천구 남부순환로40길 3(신월동)
인천,인천귤현점,인천광역시 계양구 양지로 133(귤현동)
인천,학산사거리점,인천광역시 미추홀구 한나루로 364(학익동)
서울,서일대점,서울특별시 중랑구 용마산로 408(면목동)
서울,암사점,서울특별시 강동구 고덕로 95(암사동)
인천,지식정보단지역점,인천광역시 연수구 인천타워대로54번길 9에몬스프라자 102호(송도동)
경기,일산탄현점,경기도 고양시 일산서구 일현로 48(탄현동)
경기,호매실신미주점,경기도 수원시 권선구 금호로 20(호매실동)
제주,제주일도점,제주특별자치도 제주시 고마로 99(일도이동)
충북,충북금왕점,충청북도 음성군 금왕읍 무극로 250(무극리)
서울,아차산역점,서울특별시 광진구 자양로43길 47(중곡동)
경기,역곡남부역점,"경기도 부천시 경인로 519, 103호(괴안동)"
경기,송산그린시티점,경기도 화성시 꽃내음1길 25(새솔동)
서울,사가정역점,서울특별시 중랑구 면목로 316(면목동)
경기,민락코스트코점,경기도 의정부시 용민로 493(민락동)
인천,완정역점,인천광역시 서구 청마로19번길 21(당하동)
경북,영주가흥점,경상북도 영주시 대학로240번길 6-16(가흥동)
경기,시흥신천역점,경기도 시흥시 신천로83번길 2(신천동)
제주,제주봉개점,제주특별자치도 제주시 번영로 475(봉개동)
서울,연희점,서울특별시 서대문구 연희로 98 1-2층(연희동)
경남,율하메이져점,"경상남도 김해시 율하로 478, 103호(장유동)"
경기,광명로데오점,"경기도 광명시 신기로17번길 11, 102호(일직동)"
서울,여의도역점,서울특별시 영등포구 여의나루로 42(여의도동)
경기,안산중앙점,경기도 안산시 단원구 예술대학로 20(고잔동)
서울,봉일시장점,서울특별시 관악구 은천로 37(봉천동)
서울,숙대입구역점,서울특별시 용산구 한강대로 277-2(갈월동)
경기,용인마북점,경기도 용인시 기흥구 마북로154번길 3(마북동)
경기,동탄레이크꼬모점,"경기도 화성시 동탄대로 181, 155-156호(송동, 동탄린스트라우스더레이크)"
경기,고양향동점,"경기도 고양시 덕양구 향기로 56, B02호(향동동)"
경기,화성상리점,경기도 화성시 봉담읍 삼천병마로 1276(상리)
서울,신창시장점,서울특별시 도봉구 덕릉로 238(창동)
인천,부평중점,인천광역시 부평구 장제로 171(부평동)
경기,별내북부점,경기도 남양주시 덕송2로10번길 30(별내동)
대구,대구팔달시장역점,대구광역시 북구 팔달로 167(노원동3가)
서울,개포동역점,서울특별시 강남구 개포로82길 13-9101-102호(개포동)
강원,원주기업도시점,"강원도 원주시 지정면 신지정로 316-2, 115호"
경북,포항이동점,경상북도 포항시 남구 포스코대로 141(이동)
서울,가재울뉴타운점,"서울특별시 서대문구 가재울미래로 2(남가좌동, DMC파크뷰자이)"
서울,장안점,서울특별시 동대문구 장한로 116(장안동)
경기,오산궐동점,"경기도 오산시 대호로 97(궐동, 골드뷰아파트)"
서울,경희대점,서울특별시 동대문구 경희대로 18(회기동)
인천,부평북부역점,인천광역시 부평구 경원대로 1366(부평동)
경기,석수역점,경기도 안양시 만안구 경수대로 1430(석수동)
전남,나주빛가람그린로점,전라남도 나주시 그린로 196(빛가람동)
경남,김해메가마트점,"경상남도 김해시 김해대로2492번길 20, 2F(삼정동)"
경기,호계지식산업센터점,"경기도 안양시 동안구 엘에스로 122, 128호(호계동)"
인천,간석북부역점,"인천광역시 남동구 방축로 503, 106-107호(간석동)"
경기,서현역점,경기도 성남시 분당구 황새울로360번길 26104호(서현동)
경기,시흥함송점,"경기도 시흥시 함송로 21, 106-107호(정왕동)"
서울,양천신월점,서울특별시 양천구 지양로 77(신월동)
경기,부천여월점,"경기도 부천시 삼작로306번길 7(여월동, 엘지타운)"
서울,현대시장점,서울특별시 관악구 은천로 113(봉천동)
경기,서정리역점,경기도 평택시 정암로 3(서정동)
서울,상도해링턴플레이스점,"서울특별시 동작구 상도로 207, B208, 213호(상도동, 상도효성해링턴플레이스)"
경기,풍산모당공원점,"경기도 고양시 일산동구 중산로 67, 102호(중산동)"
경기,금곡중앙점,"경기도 남양주시 금곡로 72, 107호(금곡동)"
충북,진천터미널점,충청북도 진천군 진천읍 포석길 1(읍내리)
인천,영종구읍뱃터점,"인천광역시 중구 은하수로 10, 105-106호(중산동)"
충북,청주분평점,충청북도 청주시 서원구 1순환로1107번길 21(분평동)
충북,청주산남점,충청북도 청주시 서원구 산남로 56(산남동)
경기,녹양역점,경기도 의정부시 체육로 306-24(녹양동)
경기,부천성곡사거리점,경기도 부천시 삼작로 385(원종동)
경기,수내로데오점,"경기도 성남시 분당구 백현로101번길 17, 111호(수내동)"
서울,노원로데오점,서울특별시 노원구 상계로3길 16(상계동)
경기,안산일동점,경기도 안산시 상록구 안산대학로 101(일동)
서울,구로매봉초점,서울특별시 구로구 고척로21나길 14(개봉동)
광주,광주동림점,광주광역시 북구 북문대로 241(동림동)
울산,울산온산점,울산광역시 울주군 온산읍 덕남로 45(덕신리)
부산,거제홈타운점,부산광역시 연제구 아시아드대로 92(거제동)
부산,부산아시아드선수촌점,"부산광역시 해운대구 선수촌로 80, 102호(반여동)"
부산,부산서면3호점,부산광역시 부산진구 새싹로 5(부전동)
전남,광양마동점,전라남도 광양시 사동로 187-1(마동)
경남,거제상동점,"경상남도 거제시 상동5길 117-40, 107호(상동동)"
서울,청량리역점,서울특별시 동대문구 왕산로 225(청량리동)
인천,송도트리플스트리트점,인천광역시 연수구 송도과학로16번길 33-1A동 102호(송도동)
경기,옥정제이드웰점,경기도 양주시 옥정동로4길 3(옥정동)
충북,청주가경점,충청북도 청주시 흥덕구 가경로 9-8(가경동)
경기,가능역점,경기도 의정부시 평화로 632(의정부동)
서울,가락시장역점,서울특별시 송파구 중대로9길 21(가락동)
경기,상록수역점,경기도 안산시 상록구 용신로 393(본오동)
경기,일산대화마을점,경기도 고양시 일산서구 대화로 136(대화동)
광주,광주신가점,광주광역시 광산구 신창로 1(신가동)
경남,주촌센텀위브점,경상남도 김해시 주촌면 천곡로 18 401동 110호(천곡리)
경기,파주법원사거리점,경기도 파주시 법원읍 술이홀로 876(대능리)
경기,안산라프리모점,경기도 안산시 단원구 선부광장1로 173(선부동)
경기,시흥장곡점,경기도 시흥시 진말로9번길 12(장곡동)
전남,목포평화광장점,전라남도 목포시 원형로 48(상동)
경기,안산선부점,"경기도 안산시 단원구 선부광장북로 36상가동 125호(선부동, 벽산블루밍아파트)"
충북,청주지웰시티점,"충청북도 청주시 흥덕구 대농로 39, A동 106호(복대동)"
경기,수지신정마을점,경기도 용인시 수지구 정평로 34-2(풍덕천동)
경기,정발산점,경기도 고양시 일산동구 일산로 451(정발산동)
광주,광주동천빛고을점,광주광역시 서구 동천로10번길 35-4(동천동)
경남,창원아티움시티점,"경상남도 창원시 의창구 창원대로397번길 111층 131호(팔용동, 힐스테이트 아티움시티)"
충북,청주오창2산업단지점,충청북도 청주시 청원구 오창읍 주성1길 15(주성리)
서울,중랑구청점,서울특별시 중랑구 신내로 82(신내동)
경기,판교원마을점,"경기도 성남시 분당구 운중로 242, 107호(판교동)"
경북,구미봉곡점,경상북도 구미시 봉곡남로20길 4(봉곡동)
인천,부평오거리점,인천광역시 부평구 경원대로 1430(부평동)
경기,수원율전점,경기도 수원시 장안구 서부로2105번길 16-4(율전동)
경북,안동문화의거리점,경상북도 안동시 문화광장길 49(삼산동)
강원,춘천팔호광장점,강원도 춘천시 효자로 154(효자동)
부산,사직역점,부산광역시 동래구 아시아드대로 145(사직동)
인천,인천용현시장점,인천광역시 미추홀구 독배로432번길 4(용현동)
충남,천안나사렛대점,충청남도 천안시 서북구 월봉로 93(쌍용동)
경기,안산시청점,"경기도 안산시 단원구 고잔로 51, 104호(고잔동)"
서울,방학도깨비시장점,서울특별시 도봉구 도당로 81(방학동)
경기,단대오거리역점,경기도 성남시 중원구 산성대로382번길 26-1(금광동)
서울,이대서울병원점,서울특별시 강서구 강서로 349(내발산동)
인천,인천연안부두점,인천광역시 중구 축항대로86번길 23(항동7가)
인천,송도역점,인천광역시 연수구 비류대로 208(옥련동)
전남,나주대호점,전라남도 나주시 대호길 83(대호동)
경기,김포풍무역점,"경기도 김포시 유현로 242, 신유베라트 105호(풍무동)"
경기,중동센트럴푸르지오점,"경기도 부천시 소향로 181, 상가동 103호(중동, 센트럴파크 푸르지오)(중동)"
경기,하남신장점,경기도 하남시 신장로 139(덕풍동)
제주,제주아라점,제주특별자치도 제주시 중앙로 564(아라일동)
인천,인천오류왕길점,인천광역시 서구 봉화로 49(오류동)
경북,경북봉화점,경상북도 봉화군 봉화읍 내성로 88(내성리)
경기,시흥정왕시장점,경기도 시흥시 정왕천로411번길 25(정왕동)
경기,수원황골마을점,경기도 수원시 영통구 영통로 523(영통동)
부산,해운대미포점,부산광역시 해운대구 달맞이길50번길 26(중동)
전남,목포석현점,전라남도 목포시 옥암로 179(석현동)
경기,분당아름마을점,경기도 성남시 분당구 판교로 442우일프라자빌딩 1층 103호(이매동)
서울,명일역점,서울특별시 강동구 양재대로 1641(명일동)
서울,행당역점,서울특별시 성동구 행당로 105(행당동)
서울,압구정역점,서울특별시 강남구 압구정로28길 25동심빌딩 1층(신사동)
경기,도농애시앙점,경기도 남양주시 도농로 24부영애시앙 사랑관 186호(다산동)
경기,남양주묵현점,경기도 남양주시 화도읍 먹갓로28번길 7동명빌딩 1층(묵현리)
서울,도림점,서울특별시 영등포구 도영로 33-2(도림동)
경기,시흥장현지구점,"경기도 시흥시 장현서3길 10, 1층(장현동)"
경기,망포역점,경기도 수원시 영통구 덕영대로 1547코원빌딩 1층(영통동)
서울,봉천역점,서울특별시 관악구 남부순환로 1740명당빌딩 1층(봉천동)
경기,안산초지푸르지오점,"경기도 안산시 단원구 화랑로 160푸르지오메트로단지아파트상가 131,132호(초지동)"
경기,별내중앙점,경기도 남양주시 별내5로5번길 5지앤지프라자 1층 103호(별내동)
경기,분당효자점,경기도 성남시 분당구 불정로 379분당서현프라자 1층(서현동)
경기,오산시티자이점,경기도 오산시 부산중앙로 42오산시티자이2차상가 1층 108호(부산동)
인천,인천관교한신점,인천광역시 미추홀구 인하로 348(주안동)
세종,조치원침산점,세종특별자치시 조치원읍 행복길 25(침산리)
경기,부천도당점,"경기도 부천시 삼작로 252정남프라자 111,112호(도당동)"
광주,광주양동점,광주광역시 서구 천변좌로 260-1(양동)
광주,광주운암중앙점,광주광역시 북구 대자실로 22(운암동)
부산,금정구청점,부산광역시 금정구 부곡온천천로 190퀸즈더블유장전역 104동 106호(부곡동)
경기,이마트분당점,경기도 성남시 분당구 불정로 134 이마트 3층(정자동)
경기,양주성우점,경기도 양주시 부흥로 2148(삼숭동)
서울,영등포구청역점,서울특별시 영등포구 당산로 130(당산동3가)
경기,의정부신곡점,경기도 의정부시 발곡로 31(신곡동)
경기,평택포승점,경기도 평택시 포승읍 여술로 22(도곡리)
대구,대구율하지구점,대구광역시 동구 안심로22길 40-1(율하동)
서울,신림난곡점,서울특별시 관악구 난우길 8(신림동)
경기,평택지산점,경기도 평택시 지산로 83 한성빌딩 1층(독곡동)
광주,광주일곡중앙점,광주광역시 북구 설죽로 545-1호반일신아파트상가 1층(일곡동)
전남,광양읍점,전라남도 광양시 광양읍 대림오성로 42(덕례리)
경기,수원고색점,경기도 수원시 권선구 매송고색로 703거성빌딩 1층(고색동)
충북,청주용암점,충청북도 청주시 상당구 월평로184번길 150성동빌딩 1층(용암동)
경기,진접롯데시네마점,"경기도 남양주시 진접읍 해밀예당1로 36래일스타 1층 101,102호(금곡리)"
경기,양주삼숭점,경기도 양주시 삼숭로38번길 77센터프라자 1층 101호(삼숭동)
인천,영종넙디점,인천광역시 중구 운서2로68번길 33(운서동)
경기,능곡중앙점,경기도 고양시 덕양구 지도로35번길 3상복빌딩 1층(토당동)
서울,개봉사거리점,서울특별시 구로구 경인로 324 성원빌딩 1층(개봉동)
서울,해군회관사거리점,서울특별시 영등포구 여의대방로 189(신길동)
광주,광주여대점,광주광역시 광산구 월곡산정로 17(산정동)
전남,영광터미널점,전라남도 영광군 영광읍 신남로 180터미널상가 106호(신하리)
부산,지사동점,부산광역시 강서구 과학산단로 349지사복합상가 1층(지사동)
인천,인천남촌점,인천광역시 남동구 남촌동로 26(남촌동)
경기,안성공도중앙점,경기도 안성시 공도읍 승두길 43-9 (만정리)
경기,평택고덕삼성점,경기도 평택시 고덕면 고덕여염12길 84(여염리)
인천,청라중점,인천광역시 서구 청라라임로122번길 2(청라동)
경기,수원곡반정점,경기도 수원시 권선구 곡선로 43(곡반정동)
서울,목동파라곤점,서울특별시 양천구 목동서로 155 목동파라곤 1층 110호(목동)
경기,군포첨단산업단지점,"경기도 군포시 번영로 40MD센터프라자 1층 105,106호(부곡동)"
서울,강북시장점,서울특별시 강북구 한천로 1059-1(수유동)
광주,광주충장중앙점,광주광역시 동구 중앙로 157(호남동)
부산,삼광사점,부산광역시 부산진구 초연로 6포레나부산초읍아파트상가 104호(초읍동)
경기,용인죽전점,경기도 용인시 수지구 현암로 139동산프라자 1~2층(죽전동)
경기,안양석수2동점,경기도 안양시 만안구 안양로 497더파인타운A동 1층 102호(석수동)
서울,동작남성점,서울특별시 동작구 사당로 243 동국빌딩 1층(사당동)
서울,용마산역점,서울특별시 중랑구 면목로 250(면목동)
경기,양주덕계점,"경기도 양주시 평화로 1435, 1층(덕계동)"
경기,수내푸른마을점,"경기도 성남시 분당구 불정로 260장터조합상가 101호,102호,110호(수내동)"
인천,인천시청역점,"인천광역시 남동구 구월로 80극동아파트상가 1층 1005,1006호(간석동)"
서울,신당역점,서울특별시 중구 퇴계로86길 3-1(신당동)
광주,광주운남점,광주광역시 광산구 하남대로 282 금강빌딩 1층(운남동)
전남,해남터미널점,전라남도 해남군 해남읍 해남로 15(해리)
부산,개금현대점,"부산광역시 부산진구 엄광로 27, 1층(개금동)"
경기,원흥중앙점,경기도 고양시 덕양구 도래울로 103대영프라자 1층(도내동)
인천,선학역점,인천광역시 연수구 학나래로46번길 22(선학동)
서울,숭실대입구역점,서울특별시 동작구 상도로 362-1(상도동)
경기,광주회덕점,경기도 광주시 이배재로 120 신주빌딩 1층(회덕동)
경기,원종사거리점,경기도 부천시 원종로 33(원종동)
경기,김포양곡점,경기도 김포시 양촌읍 양곡1로56번길 79(양곡리)
경기,평택소사벌지구점,경기도 평택시 평남로 933 태성빌딩 1층 106호(비전동)
경기,포천송우사거리점,경기도 포천시 소흘읍 솔모루로 64(송우리)
전남,목포용당점,전라남도 목포시 동부로 2(용당동)
전남,무안중앙점,전라남도 무안군 무안읍 불무로 25(성남리)
경남,합천점,"경상남도 합천군 합천읍 동서로 95, 1층(합천리)"
서울,이대점,서울특별시 서대문구 이화여대길 24(대현동)
전북,익산모현점,"전라북도 익산시 고현로 90, 1층(모현동 1가)"
서울,역촌역점,서울특별시 은평구 서오릉로 74(대조동)
인천,굴포천역점,인천광역시 부평구 장제로 211 명지빌딩 1층(부평동)
경기,평택아너스빌점,경기도 평택시 평택5로 94 브이타워 1층(비전동)
인천,부평보건소점,인천광역시 부평구 부흥로 301-1(부평동)
전북,정읍상동점,전라북도 정읍시 학산로 117-14(상동)
서울,청구역점,서울특별시 중구 다산로 162약수빌딩 1층 101호(신당동)
서울,남구로점,"서울특별시 구로구 디지털로31길 120한신휴플러스아파트 제2상가동 229,230호(구로동)"
전남,광양창덕점,전라남도 광양시 광양읍 용강로 18(용강리)
경기,시흥대야점,경기도 시흥시 비둘기공원7길 46월드타운 1층 108호(대야동)
서울,연세대공학원점,서울특별시 서대문구 연세로50지하 1층(연세대학교 공학원 B187 C호)(창천동)
인천,부평해물탕거리점,인천광역시 부평구 장제로 99벨라루체오피스텔 1층(부평동)
인천,송도퍼스트파크점,인천광역시 연수구 컨벤시아대로230번길 42송도아라플라자 1층 105호(송도동)
경기,화성사강점,경기도 화성시 송산면 사강로 193(사강리)
경기,수원남문점,경기도 수원시 팔달구 정조로 756-1(팔달로3가)
경기,평택힐스테이트점,경기도 평택시 세교6로 46 힐스테이트상가 1층(세교동)
충북,청주금천점,충청북도 청주시 상당구 중고개로 334의화빌딩 1층 102호(금천동)
전남,목포대성점,전라남도 목포시 양을로 56-1(산정동)
강원,강릉시외버스터미널점,"강원도 강릉시 하슬라로 27 강릉시외버스터미널 10,11호(홍제동)"
경기,옥정다올스퀘어점,경기도 양주시 옥정로 139 다올스퀘어 1층(옥정동)
서울,장위점,서울특별시 성북구 장위로 56(장위동)
경기,산성역점,"경기도 성남시 수정구 수정로 356, 1층(산성동)"
충북,청주개신점,충청북도 청주시 서원구 경신로 31-1스타타워 1층(개신동)
서울,신도림태영타운점,"서울특별시 구로구 새말로 89 태영빌딩 1층 106,107호(구로동)"
서울,뚝섬역점,"서울특별시 성동구 상원길 38-1, 1층(성수동1가)"
광주,전대상대점,광주광역시 북구 설죽로202번길 64(용봉동)
경남,김해내동점,경상남도 김해시 내외중앙로 53 중앙프라자 107호(내동)
전남,순천호수공원점,전라남도 순천시 왕지2길 4-39 왕원빌딩 1층(왕지동)
경기,김포마산점,경기도 김포시 김포한강8로 158 서서타워 1층(마산동)
서울,은평신사점,서울특별시 은평구 갈현로 44 영암빌딩 1층(신사동)
서울,공덕SK리더스뷰점,서울특별시 마포구 백범로31길 8공덕SK리더스뷰 1-B105호(공덕동)
인천,가좌봉화초점,인천광역시 서구 가정로 127(가좌동)
경기,동탄프리미엄아울렛점,경기도 화성시 동탄기흥로257번가길 16(방교동)
서울,황학사거리점,서울특별시 성동구 왕십리로 410센트라스아파트상가 아이동 1층 157호(상왕십리동)
서울,중화역점,서울특별시 중랑구 동일로 806(중화동)
전북,전주대점,전라북도 전주시 완산구 백마산길 36월드빌 1층(효자동3가)
인천,송도랜드마크시티점,인천광역시 연수구 랜드마크로 68랜드마크시티센트럴더샵 상업시설 69호(송도동)
경기,수원터미널점,경기도 수원시 권선구 덕영대로1201번길 36웰스톤프라자 1층(권선동)
경기,평택장당점,경기도 평택시 송탄로40번길 79-21(이충동)
경기,안산그랑시티자이점,경기도 안산시 상록구 해양1로 199 P동 153호(사동)
서울,서울만리점,서울특별시 중구 만리재로 175서울역센트럴자이아파트상가 1층(만리동2가)
대구,대구메트로센타점,대구광역시 중구 달구벌대로 지하2100메트로센타 C104호(덕산동)
서울,구산역점,서울특별시 은평구 연서로 137 영진빌딩 1층(구산동)
광주,광주대점,광주광역시 남구 효덕로 289(진월동)
전남,목포역점,전라남도 목포시 수문로 14-2 (대안동)
충북,충북혁신도시점,충청북도 음성군 맹동면 장성1길 16동인플라자 1층(동성리)
서울,419사거리점,서울특별시 강북구 삼양로 510(수유동)
경기,과천중앙점,경기도 과천시 별양상가2로 14 제일쇼핑 1층(별양동)
서울,불광연신점,서울특별시 은평구 연서로 270-1(불광동)
경기,부천강남시장점,경기도 부천시 옥산로 150(도당동)
경기,남한산성입구역점,경기도 성남시 중원구 산성대로 454(금광동)
경기,부천원미사거리점,경기도 부천시 원미로124번길 6-16 영광빌딩 1층(원미동)
경남,월영동아점,경상남도 창원시 마산합포구 월영남로 43동아1차아파트상가 1층 (월영동)
경기,기흥삼성반도체점,경기도 화성시 삼성1로6길 27(반월동)
서울,도봉역점,서울특별시 도봉구 도봉로 817(도봉동)
대전,충남대점,대전광역시 유성구 궁동로18번길 31(궁동)
경기,의왕역점,경기도 의왕시 부곡중앙로 7 남송빌딩 1층(삼동)
서울,선릉역점,서울특별시 강남구 선릉로86길 16(대치동)
서울,불광역점,서울특별시 은평구 통일로 745(대조동)
서울,신길중앙점,서울특별시 영등포구 도신로 234(대신시장입구)
경기,야탑중앙점,경기도 성남시 매화로 46 은중빌딩 1층(야탑동)
경기,의정부고산점,경기도 의정부시 월유로 13 지석프라자 1층(산곡동)
전남,여수신기점,전라남도 여수시 새터로 64(신기동)
서울,신정역점,서울특별시 양천구 오목로 146(신정동)
경기,운정아이파크점,경기도 파주시 심학산로 384운정신도시 IPARK 상가 21호(동패동)
서울,석관점,서울특별시 성북구 돌곶이로 27(석관동)
대전,대전타임월드점,"대전광역시 서구 둔산로31번길 17, 1층(둔산동)"
인천,인천백병원점,인천광역시 동구 샛골로210번길 9 황금프라자 1층(송림동)
충북,청주가로수마을점,충청북도 청주시 흥덕구 서현북로 60 스카이빌딩 1층(가경동)
서울,신림역점,서울특별시 관악구 신림로 321 동진빌딩 1층(신림동)
광주,광주화정중앙점,광주광역시 서구 상무대로1081번길 1(화정동)
충북,충북보은점,충청북도 보은군 보은읍 보은로 101(삼산리)
서울,상계백병원점,서울특별시 노원구 동일로 1356상계주공4단지아파트상가동 112호(상계동)
경기,송산역점,경기도 의정부시 충의로 55 (용현동)
경기,파주광탄점,경기도 파주시 광탄면 혜음로 1125(신산리)
경기,수원화서사거리점,"경기도 수원시 팔달구 동말로 79, 1층(화서동)"
서울,강서구청점,서울특별시 강서구 화곡로 326(화곡동)
충북,충북대점,충청북도 청주시 서원구 1순환로672번길 6(사창동)
경기,수원광교초점,경기도 수원시 영통구 대학로 101드림스퀘어 1층 103호(이의동)
서울,애오개점,서울특별시 마포구 마포대로 195마포래미안푸르지오4단지상가 1층(아현동)
서울,자양시장점,서울특별시 광진구 자양로15길 18 혜성빌딩 1층(자양동)
강원,동해시청점,"강원도 동해시 대학로 20, 명동빌딩 1층(천곡동)"
인천,송도e편한세상점,인천광역시 연수구 랜드마크로 113 e편한세상송도 상가 1층(송도동)
경기,부천고점,경기도 부천시 성주로 88(송내동)
서울,난곡우체국점,서울특별시 관악구 난곡로 268(신림동)
경남,율하중앙점,경상남도 김해시 율하3로 42네오프라자1층 104호(율하동)
서울,사당방배점,서울특별시 서초구 동작대로 44(방배동)
서울,우림시장점,서울특별시 중랑구 용마산로 498(망우동)
서울,신응암시장점,서울특별시 은평구 응암로 243(응암로)
전북,군산수송중앙점,전라북도 군산시 월명로 244 군산수송프라자 1층(수송동)
전남,무안오룡지구점,전라남도 무안군 일로읍 오룡중앙동로 65 오룡에듀포레푸르지오상가 1층(오룡리)
경남,진주초전점,경상남도 진주시 초북로 54 효원빌딩 1층 104호(초전동)
충북,청주옥산자이점,충청북도 청주시 흥덕구 옥산면 오송가락로 1065 흥덕파워프라자2 1층(가락리)
서울,정릉시장점,서울특별시 성북구 보국문로 36(정릉동)
경기,경기광주도평점,경기도 광주시 초월읍 현산로 81(도평리)
서울,천호초교사거리점,서울특별시 강동구 구천면로 305 덕송빌딩 1층(천호동)
대전,대전성모오거리점,대전광역시 중구 중교로 6 (대흥동)
부산,센텀점,부산광역시 해운대구 센텀동로 123 센텀스타아파트B동상가 22호(재송동)
전남,영암삼호점,전라남도 영암군 삼호읍 대불주거로 171(용앙리)
서울,금천가산점,서울특별시 금천구 가산로 115(가산동)
인천,인천작전초점,인천광역시 계양구 주부토로 473(계산동)
강원,강릉포남점,강원도 강릉시 하평길 38 뉴센트럴빌딩 1층(포남동)
경기,용인서천마을점,경기도 용인시 기흥구 서천로 121 원희캐슬 1층(서천동)
인천,인천불로중앙점,인천광역시 서구 검단로768번1길 11-8(불로동)
경기,신영통점,"경기도 화성시 영통로 59현대프라자 1층 105,106호(반월동)"
인천,간석오거리역점,인천광역시 남동구 백범로 404 도시에창 1층(간석동)
경기,안산다문화점,경기도 안산시 단원구 원곡로 49 (원곡동)
서울,천호공원점,서울특별시 강동구 올림픽로 715아이앤유앤아이빌딩 1층 101호(천호동)
강원,동해쇄운점,강원도 동해시 청운1길 48(쇄운동)
서울,서울풍납점,서울특별시 송파구 토성로 59 선일빌딩 1층(풍납동)
서울,서울시립대점,서울특별시 동대문구 전농로 222 씨티프라자 1층(전농동)
경기,시흥거모점,경기도 시흥시 도일로124번길 3 유복빌딩 1층(거모동)
경기,수원북문점,경기도 수원시 장안구 정조로 914 (영화동)
서울,면목중앙점,서울특별시 중랑구 동일로 612 (면목동)
대전,대전월평점,"대전광역시 서구 청사서로 44, 1층 (월평동)"
인천,인천서운산업단지점,인천광역시 계양구 서운산단로3길 4SB TOWER 1층(서운동)
전남,목포포미점,전라남도 목포시 용해지구로 11(용해동)
서울,정릉아리랑점,서울특별시 성북구 북악산로 850 (정릉동)
충북,충주터미널점,충청북도 충주시 봉계1길 50 탄금빌딩 1층 (칠금동)
경남,창원무동점,경상남도 창원시 의창구 북면 무동로226번길 18 에이스빌딩 108호 (무동리)
경기,성남버스터미널점,"경기도 성남시 분당구 성남대로925번길 16성남(분당)여객터미널 제1층 413,414,415호 (야탑동)"
부산,좌동재래시장점,부산광역시 해운대구 대천로106번길 29 (좌동)
전남,목포대점,전라남도 무안군 청계면 승달산길 39(도림리)
부산,우암점,부산광역시 남구 우암로154번길 44(우암동)
충북,서충주신도시점,충청북도 충주시 중앙탑면 용전리 661 충주e편한세상아파트상가 1층 112호(용전리)
경기,수원탑동사거리점,경기도 수원시 권선구 탑동로 2 탑중앙빌딩 1층(탑동)
경기,안양성원점,경기도 안양시 만안구 장내로 68(안양동)
서울,약수역점,서울특별시 중구 다산로 124(신당동)
경기,용인물푸레마을점,경기도 용인시 기흥구 구성3로28번길 30구성프라자 1층 106호(청덕동)
서울,신대방역점,서울특별시 관악구 난곡로 367 경신빌딩 1층(신림동)
전북,완주첨단점,전라북도 완주군 봉동읍 둔산3로 79우진빌딩 1층(둔산리)
인천,인천학익신동아점,인천광역시 미추홀구 매소홀로 476(학익동)
경기,성남의료원점,"경기도 성남시 수정구 수정로 176,1층(신흥동)"
전북,김제터미널점,전라북도 김제시 동서로 244(요촌동)
경기,일산식사지구점,경기도 고양시 일산동구 위시티로 67CK PLAZA 1층(식사동)
서울,독바위역점,서울특별시 은평구 불광로 130-1 윤송빌딩 1층(불광동)
제주,제주송악산점,제주특별자치도 서귀포시 대정읍 송악관광로 421-1(상모리)
서울,신길힐스테이트점,서울특별시 영등포구 신길로 150(신길동)
경기,안산스마트스퀘어점,경기도 안산시 단원구 산단로 325리드스마트스퀘어 지식산업센터 1층 128호(신길동)
서울,거여역점,서울특별시 송파구 오금로 504 하나빌딩 1층(거여동)
서울,석촌점,서울특별시 송파구 백제고분로41길 6(송파동)
경기,화성발안점,경기도 화성시 향남읍 삼천병마로 201 인광프라자 1층 103호(평리)
경기,안산반월공원점,경기도 안산시 상록구 본오로 60(본오동)
서울,화계역점,서울특별시 강북구 덕릉로 30(수유동)
서울,여의도파크원점,서울특별시 영등포구 여의대로 108 파크원타워1 지하2층(여의도동)
경기,수원망포초점,경기도 수원시 영통구 영통로153번길 98국제프라자 1층(망포동)
대구,대구두류역점,대구광역시 달서구 달구벌대로 1730(두류동)
전남,전남도청점,전라남도 무안군 삼향읍 남악4로 79한양프라자Ⅴ 106호(남악리)
경기,일산한뫼초점,경기도 고양시 일산서구 고양대로 632(일산동)
경기,인천만수중앙점,인천광역시 남동구 백범로 206(만수동)
경북,영천시청점,경상북도 영천시 충효로 75-2(문외동)
경기,의정부롯데캐슬점,경기도 의정부시 범골로63번길 13 롯데캐슬1단지상가 113동 107호(의정부동)
서울,방화사거리점,서울특별시 강서구 양천로 73멤브로메디컬센터 1층 105호(방화동)
경기,인천문학점,인천광역시 미추홀구 소성로 334(문학동)
경기,김포걸포점,경기도 김포시 걸포2로 45(걸포동)
경기,평택더샵센트럴점,경기도 평택시 동삭1로22번길 19-13 방이빌딩 1층(동삭동)
경기,덕정역점,경기도 양주시 화합로 1363 아트시티 1층 101호(덕정동)
서울,마포시민공원점,서울특별시 마포구 망원로 19 참존빌딩 1층(망원동)
서울,가좌역점,서울 서대문구 수색로 34(남가좌동)
서울,종로공평점,서울특별시 종로구 삼봉로 100 영원빌딩 1층(공평동)
서울,수유사거리점,서울특별시 강북구 도봉로 289(수유동)
서울,가락중앙점,서울특별시송파구 동남로 209(가락동)
경기,시흥웨이브파크점,경기도 시흥시 거북섬4길 14웨이브프라자 109호(정왕동)
전남,순천신대점,전라남도 순천시 해룡면 좌야로 135 중흥에스-클래스 6단지 메가타운 상가동 1층(신대리)
경기,안산부곡점,경기도 안산시 상록구 부곡로 121(부곡동)
경기,부천괴안점,경기도 부천시 범안로 55 홈타운프라자 1층(괴안동)
경기,죽전중앙점,경기도 용인시 수지구 대지로 46 명성빌딩 1층(죽전동)
서울,염창점,서울특별시 강서구 양천로 658(염창동)
경기,의정부낙양점,경기도 의정부시 용민로 397(낙양동)
서울,은평신사고개점,서울특별시 은평구 가좌로 318(신사동)
경기,일산강선점,경기도 고양시 일산서구 대산로 124진우프라자 1층(주엽동)
경기,의정부역점,경기도 의정부시 시민로 75(의정부동)
전남,순천대점,전라남도 순천시 순천대2길 2(석현동)
부산,하단SK뷰점,부산광역시 사하구 하신번영로 395(하단동)
서울,성수일로점,"서울특별시 성동구 성수일로 39, 1층(성수동1가)"
대전,대전신성점,"대전광역시 유성구 신성로62번길 57, 1층(신성동)"
서울,동묘숭인점,서울특별시 종로구 지봉로 52(숭인동)
서울,쌍문역점,서울특별시 도봉구 도봉로 492(창동)
인천,인천산곡한신휴점,인천광역시 부평구 마장로220번길 13(산곡동)
경기,수원월드메르디앙점,경기도 수원시 팔달구 중부대로143번길 11 OK빌딩 1층(우만동)
경기,안산본오중앙점,경기도 안산시 상록구 각골로 64(본오동)
경기,수원정자시장점,경기도 수원시 장안구 수성로262번길 3(영화동)
광주,광주금호종원점,광주광역시 서구 화개1로79번길 2(금호동)
부산,동래점,부산광역시 동래구 명륜로129번길 35(명륜동)
경기,이천갈산점,경기도 이천시 안흥로 70(갈산동)
서울,동대문동평화점,서울특별시 중구 마장로1길 28-25(신당동)
서울,삼양시장점,서울특별시 강북구 삼양로54길 3(미아동)
서울,종로르메이에르점,서울특별시 종로구 종로19르메이에르종로타운 1층 109-1호(종로1가)
인천,부광초사거리점,인천광역시 부평구 부흥로 393(부개동)
경기,수원영통역점,경기도 수원시 영통구 봉영로 1569NEW WORLD PLAZA 1층(영통동)
경기,안산반월점,경기도 안산시 상록구 건건로 66 스마트타워 1층(건건동)
인천,송도캐슬파크점,인천광역시 연수구 송도동 8-20송도캐슬센트럴파크 101동 119호(송도동)
전남,순천역점,전라남도 순천시 팔마로 120(조곡동)
경남,진주칠암점,경상남도 진주시 진주대로 888(칠암동)
전북,정읍제일점,전라북도 정읍시 중앙로 132-1(수성동)
세종,세종해밀점,세종특별자치시 해밀3로 32해밀마을1단 근린상가 지하1층 122호(해밀동)
서울,성북구청점,서울특별시 성북구 보문로 161 대명빌딩 1층(삼선동5가)
서울,촬영소사거리점,서울특별시 동대문구 답십리로 233 (답십리동)
경기,광명7동점,경기도 광명시 도덕로 49-1(광명동)
충북,충북증평점,충청북도 증평군 증평읍 중앙로 224(교동리)
인천,인천부개점,인천광역시 부평구 수변로 58(부개동)
부산,광안오션브릿지점,부산광역시 수영구 광안해변로278번길 42107호(민락동)
경기,분당중탑점,경기도 성남시 분당구 벌말로40번길 3 성산빌딩 1층(야탑동)
경기,오산갈곶점,경기도 오산시 오산로 79리치타워 1층 101호(갈곶동)
경기,일산저동점,경기도 고양시 일산동구 대산로 20 메디컬프라자 1층(정발산동)
경기,하남감일지구점,경기도 하남시 신우실로 67j&b프라자 1층 102호(감일동)
대전,서대전점,대전광역시 대전 중구 계백로 1709(오류동)
서울,광장시장남2문점,서울특별시 종로구 청계천로 203-1(예지동)
충북,청주동남지구점,충청북도 청주시 상당구 중고개로 137(용암동)
서울,중계브라운스톤점,"서울특별시 서울 노원구 동일로203가길 29브라운스톤중계 173,174호(중계동)"
충남,보령동대점,충청남도 보령시 한내로 16(동내동)
서울,창동어울림점,서울특별시 도봉구 해등로16길 32(창동)
경기,별내카페거리점,경기도 남양주시 순화궁로 349 삼광프라자 1층(별내동)
충북,충주호암신도시점,충청북도 충주시 호암수청2로 21 다성빌딩 1층(호암동)
서울,영등포전화국사거리점,서울특별시 영등포구 국회대로 646(영등포동7가)
전남,여수교동점,전라남도 여수시 진남상가길 38(교동)
경남,거창산단점,경상남도 거창군 남상면 승강기길 58(대산리)
경남,함안점,경상남도 함안군 가야읍 가야로 86-1(말산리)
서울,강일2지구점,"서울특별시 강동구 아리수로93나길 38 아이메디컬 101호,102호(강일동)"
경기,부천소사초사거리점,경기도 부천시 소사로 185(소사본동)
경기,분당느티마을점,경기도 성남시 분당구 느티로69번길 8(정자동)
경기,다산새봄초교점,"경기도 남양주시 다산순환로 420성산타워플레이스Ⅲ 1층 112,113호(다산동)"
경기,박달사거리점,경기도 안양시 만안구 양화로 112(박달동)
충북,청주내덕점,충청북도 청주시 청원구 향군로 124(내덕동)
충북,용암중흥마을점,충청북도 청주시 상당구 용암북로138번길 35(용암동)
전남,순천팔마점,전라남도 순천시 팔마4길 18(연향동)
경남,가음정점,경상남도 창원시 성산구 가음정로43번길 1가음정빌딩 1층(가음동)
인천,부평제이타워점,인천광역시 부평구 부평대로 337부평제이타워3차 1-11호(청천동)
서울,도봉중앙점,서울특별시 도봉구 도봉로181길 30(도봉동)
경기,수원SK스카이뷰점,경기도 수원시 장안구 이목로 24-3 SKY PLAZA 1층(정자동)
서울,화곡본동시장점,서울특별시 강서구 까치산로4길 3(화곡동)
제주,제주동홍중앙점,제주특별자치도 서귀포시 태평로 488(동홍동)
경기,시흥시청점,경기도 시흥시 새재로17번길 7(장현동)
서울,삼육서울병원점,서울특별시 동대문구 망우로 78(휘경동)
경기,안산월피점,경기도 안산시 상록구 광덕산2로 19(월피동)
광주,광주노대점,광주광역시 남구 효우로 81(노대동)
부산,연산점,부산광역시 연제구 월드컵대로 75(연산동)
경기,고양산들마을점,경기도 고양시 일산동구 중산로 117성도빌딩 1층 108호(중산동)
서울,서울숲역점,서울특별시 서울특별시 성동구 왕십리로 94-1(성수동1가)
서울,마장역점,서울특별시 성동구 마장로 301(마장동)
충북,청대사거리점,충청북도 청주시 청원구 상당로 263(우암동)
경기,대화성저마을점,경기도 고양시 일산서구 대산로 219 한라프라자 1층(대화동)
서울,창동이마트점,서울특별시 도봉구 노해로65길 11한성빌딩 1층 101호(창동)
인천,인천대화초점,인천광역시 미추홀구 석정로 306(도화동)
서울,마곡수명산점,서울특별시 강서구 수명로 68-35(내발산동)
전남,광양칠성점,전라남도 광양시 광양읍 인덕로 1082(칠성리)
경남,진주비성대점,"경상남도 진주시 금산면 송백로 46, 604동 1층 복지회관(속사리)"
대전,대전용문역점,대전광역시 서구 계룡로 618(괴정동)
서울,보라매역점,서울특별시 영등포구 여의대방로 137(신길동)
서울,송파역점,"서울특별시 송파구 송파대로 345송파헬리오시티 1034,1035호(가락동)"
경기,성남상대원점,경기도 성남시 중원구 금상로 59(금광동)
경기,의왕시티병원점,경기도 의왕시 전주남이길 8목화케이티이자리에 아파트상가 102동 106호(오전동)
서울,포방터시장점,서울특별시 서대문구 홍은중앙로 101-1(홍은동)
서울,응암이마트점,서울특별시 은평구 은평로 98(응암동)
서울,가산에이스K1타워점,서울특별시 금천구 가산디지털2로 166에이스K1타워 108호(가산동)
광주,광주계림점,광주광역시 동구 계림동 193 두산위브상가 5호(계림2동)
경남,김해인제대점,경상남도 김해시 인제로 184(어방동)
서울,석촌고분역점,서울특별시 송파구 백제고분로 279송파동산빌딩 1층(석촌동)
경북,구미구평점,경상북도 구미시 인동36길 9 금강빌딩 1층(구평동)
경기,부천번영사거리점,경기도 부천시 부흥로 307번길 66(중동)
서울,굽은다리역점,서울특별시 강동구 양재대로 1566 죽애빌딩 1층(명일동)
서울,면목면동초점,서울특별시 중랑구 면목로 356(면목동)
서울,신목점,서울특별시 양천구목동중앙로 97 청우빌딩 1층(목동)
서울,방이오금점,서울특별시 송파구 마천로 84(오금동)
광주,광주진월효덕점,광주광역시 남구 화산로 29(진월동)
경남,서창점,경상남도 양산시 삼호1길 45 K&C아울렛 1층(삼호동)
서울,용문시장점,서울특별시 용산구 새창로 108-1(용문동)
충북,진천옥동초점,충청북도 진천군 덕산읍 연미로 76 다인리치빌딩 1층(두촌리)
충남,천안청당점,충청남도 천안시 동남구 청당4로 61(청당동)
서울,창동신창점,서울특별시 도봉구 우이천로4길 31(창동)
경기,다산가운마을점,경기도 남양주시 경춘로 368브릭스타워 116호(다산동)
강원,인제천도리점,강원도 인제군 서화면 천도로 153(천도리)
전남,나주남평점,전라남도 나주시 남평읍 강변2길 27-1(동사리)
경남,율하2지구점,경상남도 김해시 율하숲길 21로하스디딤빌딩 104호(장유동)
서울,성신여대점,"서울특별시 성북구 동소문로22길 47, 1층(동선동)"
서울,송파파인타운점,서울특별시 송파구 충민로2길 28대진플라자2 106호(장지동)
충남,천안불당아이파크점,충청남도 천안시 서북구 검은들1길 7포인트프라자빌딩 1층(불당동)
경기,평촌로데오점,경기도 안양시 동안구 관평로170번길 33평촌주공공이상가 101호(관양동)
강원,원주반곡점,강원도 원주시 반곡길 64(반곡동)
충북,청주공단오거리점,충청북도 청주시 흥덕구 사직대로 8(복대동)
인천,부평로데오점,인천광역시 부평구 시장로 17(부평동)
서울,삼전역점,서울특별시 송파구 백제고분로 198 GM빌딩 1F(삼전동)
인천,인천효성신사거리점,인천광역시 계양구 안남로 499(효성동)
서울,신양초사거리점,서울특별시 광진구 능동로 49 영지빌딩 1층(자양동)
인천,연수역점,인천광역시 연수구 벚꽃로 114연수브랫슬 1층 101호(연수동)
충북,청주하복대점,충청북도 청주시 흥덕구 진재로 44(복대동)
경기,의정부중앙점,경기도 의정부시 태평로73번길 50(의정부동)
경기,수원파장점,경기도 수원시 장안구 파장로 63(정자동)
서울,홍대서교점,서울특별시 마포구 양화로116 상연빌딩 1층(서교동)
부산,서구청점,부산광역시 중구 보수대로 16(부평동2가)
경기,미사역점,경기도 하남시 미사강변동로 95힐스테이트 미사역 그랑파사쥬 1층 1031호(망월동)
서울,대흥역점,서울특별시 마포구 백범로 102원흥빌딩 1층 102호(대흥동)
서울,논현역점,"서울특별시 서초구 사평대로55길 149, 1층(반포동)"
서울,북한산정릉점,서울특별시 성북구 보국문로 167산장아파트상가 1층(정릉동)
경기,수내파크타운점,경기도 성남시 분당구 내정로 172상지상가빌딩 1층 104호(수내동)
서울,금천독산점,서울특별시 금천구 시흥대로 474 유창빌딩 1층(독산동)
서울,홍제홍은벽산점,서울특별시 서대문구 홍은중앙로 33(홍은동)
충남,천안역점,충청남도 천안시 동남구 대흥로231금정빌딩 1층(대흥동)
전남,화순중앙점,전라남도 화순군 화순읍 칠충로 110(삼천리)
부산,못골점,부산광역시 남구 못골로41번길 13대연2차동원로얄듀크 205동 106호(대연동)
서울,구로궁동점,서울특별시 구로구 부일로15길 29 비치빌딩 1층(궁동)
인천,검단먹거리타운점,인천광역시 서구봉수대로1440번안길 28-11(왕길동)
경기,이천터미널점,경기도 이천시 이섭대천로 1203 하나빌딩 1층(중리동)
경기,김포라베니체점,경기도 김포시 김포한강2로23번길 72라베니체에비뉴2차 1층 129호(장기동)
강원,삼척교동중앙점,강원도 삼척시 정상로 73(교동)
강원,강릉6주공오거리점,강원도 강릉시 입암로 157(입암동)
서울,상암하늘초점,서울특별시 마포구 월드컵북로 496(상암동)
인천,인천효성남초점,인천광역시 계양구 새벌로 120대산아파트상가 1층 107호(효성동)
광주,광주말바우점,광주광역시 북구 동문대로 102(두암동)
경남,거창점,경상남도 거창군 거창읍 아림로 32(중앙리)
경기,수원엠파이어점,경기도 수원시 영통구 신원로 88디지털엠파이어2 101동105호(신동)
경기,수지동천점,경기도 용인시 수지구신수로783번길 30(동천동)
경기,동탄푸른마을점,"경기도 화성시 10용사로 349-3엘리트타워 1층 107, 108호(능동)"
경기,김포북변점,경기도 김포시 북변1로16번길 47(북변동)
서울,보라매공원점,서울특별시 영등포구 여의대방로 87대신빌딩 1층(신길동)
경기,안산식물원점,경기도 안산시 상록구 도매시장로 91-1(일동)
서울,선유도비즈타워점,서울특별시 영등포구 양평로19길 4풍림빌딩 1층(양평동)
충북,청주여고점,충청북도 청주시 청원구 율봉로176번길 8-2성일빌딩 1층(율량동)
광주,전대정문점,광주광역시 북구 (자미로 67(신안동)
서울,강남포이점,서울특별시 강남구 개포로 221 네비스빌딩 1층(개포동)
대구,대구칠곡네거리점,대구광역시 북구 칠곡중앙대로 411스카이빌딩 1층(태전동)
경기,일산마두공원점,경기도 고양시 일산동구 강송로 180백마프라자 1층(마두동)
인천,인천용현금호점,인천광역시 미추홀구 낙섬서로 4현대메디켈센타 1층(용현동)
경기,고양성사점,경기도 고양시 덕양구 호국로 859대림e편한세상아파트상가 1층 111호(성사동)
경기,고양향동중앙점,"경기도 고양시 덕양구 향기로 123, 106호(향동동)"
서울,왕십리렉스점,서울특별시 성동구 왕십리로 336왕십리렉스프리미엄오피스텔 101호(도선동)
광주,광주염주점,광주광역시 서구 염화로 73(화정동)
경남,합포구청점,경상남도 창원시 마산합포구 중앙동로 18(중앙동2가)
세종,세종나성점,"세종특별자치시 나성북1로 12세종메가타워2 1층 107,108호(나성동)"
서울,녹번점,서울특별시 은평구 은평로 217 백산빌딩 1층(녹번동)
충남,아산호서대점,충청남도 아산시 배방읍 호서로79번길 19(세출리)
서울,장안중앙점,서울특별시 동대문구장한로 58(장안동)
경기,이천송정점,경기도 이천시 증신로291번길 129하나빌딩 1층(송정동)
경기,시흥신일초점,경기도 시흥시 시흥대로 1077(신천동)
경기,일산서구점,경기도 고양시 일산서구 산현로92번길 60탄현이화프라자 1층(일산동)
서울,신풍역점,서울특별시 영등포구 신풍로 48(신길동)
광주,광주주월점,광주광역시 남구 대남대로149번길 19(봉선동)
대전,대전도안상대점,대전광역시 유성구 상대동로 34동화빌딩 1층 102호(상대동)
경기,수원아이파크시티점,"경기도 수원시 권선구 동수원로177번길 40아이파크시티8단지 1층 101,112호(권선동)"
경기,만안구청점,경기도 안양시 만안구 안양로 119 계양빌딩 1층(안양동)
전북,전북순창점,전라북도 순창군 순창읍 장류로 352(순화리)
경기,고양내유점,경기도 고양시 덕양구 통일로 1270(내유동)
서울,화양사거리점,서울특별시 성동구 광나루로 337(송정동)
인천,부평경찰서점,인천광역시 부평구 길주로 505 우진빌딩 1층(정천동)
경기,부천고리울점,"경기도 부천시 고리울로52번길 24, 1층(고강동, 테라탑팰리스)"
충북,충주교통대점,충청북도 충주시 대소원면 대학로 24-1(검단리)
광주,광주풍암운리점,광주광역시 서구 풍금로 10(풍암동)
경기,안산법원점,"경기도 안산시 단원구 광덕서로 86안산법조타운 111,112호(고잔동)"
서울,양천신정중앙점,서울특별시 양천구 은행정로 17(신정동)
서울,개봉남부역점,서울특별시 구로구 남부순환로97길 20-6(개봉동)
경기,갈매더샵점,경기도 구리시 갈매순환로 15 마운틴프라자 1층(갈매동)
서울,군자역점,서울특별시 광진구 능동로 294 능동빌딩 1층 (능동)
경기,안산와동점,경기도 안산시 단원구 와동공원로 150태영빌딩 1층(와동)
서울,함지박사거리점,서울특별시 서초구 동광로 75(방배동)
경기,김포운유초점,경기도 김포시 김포한강4로 176(장기동)
경기,이천증포점,경기도 이천시 이섭대천로 1411 흥인프라자 1층(증포동)
서울,망우역점,"서울특별시 중랑구 망우로 385, 1층(상봉동)"
서울,월곡이마트점,서울특별시 성북구 종암로 167동일하이빌뉴시티 1층(하월곡동)
경기,의정부효자초점,경기도 의정부시 부용로 208(신곡동)
경기,대부도점,경기도 안산시 단원구 대부황금로 1466(대부북동)
인천,계양효성해링턴점,인천광역시 계양구 서운로 34계양효성해링턴아파트 105호(서운동)
강원,강릉내곡점,강원도 강릉시 범일로 628-1(내곡동)
서울,금천독산4동점,서울특별시 금천구 독산로 243(독산동)
서울,가산리더스타워점,서울특별시 금천구 벚꽃로 286삼성리더스타워 지하1층 103호(가산동)
서울,답십리초점,"서울특별시 동대문구 전농로 35, 1층(답십리동)"
서울,답십리사거리점,"서울특별시 동대문구 답십리로 154, 1층(답십리동)"
경북,경산삼풍점,"경상북도 경산시 삼풍로 18, 1층(삼풍동)"
서울,화곡남부시장점,"서울특별시 강서구 곰달래로49길 11, 1층(화곡동)"
서울,까치산시장점,"서울특별시 강서구 강서로18나길 1, 1층(화곡동)"
서울,종로3가역점,"서울특별시 종로구 돈화문로 27, 1층(묘동)"
서울,배봉사거리점,"서울특별시 동대문구 한천로 189, 1층(장안동)"
충북,청주강서점,"충청북도 청주시 흥덕구 강서로 110, 1층(강서동)"
전남,광양중마점,"전라남도 광양시 광장로 143, 1층(중동)"
전남,목포옥암점,"전라남도 목포시 남악1로52번나길 1, 1층(옥암동)"
서울,가오리역점,"서울특별시 강북구 삼양로 423, 1층(수유동)"
서울,노원을지병원점,"서울특별시 노원구 공릉로 324-2, 1층(하계동)"
세종,세종종촌점,"세종특별자치시 도움1로 106, 1층(종촌동, 메가시티)"
대전,대전정림점,"대전광역시 서구 정림로 56-1, 1층(정림동)"
전북,익산부송우체국점,"전라북도 익산시 부송1로 70, 1층(부송동)"
충북,청주성화점,"충청북도 청주시 서원구 신화로32번길 2, 1층(성화동)"
서울,가양중앙점,"서울특별시 강서구 양천로 461, 1층(가양동)"
서울,잠실장미점,"서울특별시 송파구 올림픽로35길 104,장미상가A동 106호"
경기,수원권선SK뷰점,"경기도 수원시 권선구 세권로195번길 33, 1층(권선동, sk프라자)"
서울,구로고척점,"서울특별시 구로구 고척로 239, 1층(고척동)"
강원,원주흥업사거리점,"강원도 원주시 흥업면 남원로 78, 1층"
경기,광명아크포레점,"경기도 광명시 새터로 44-7, B3층(광명동, 광명아크포레자이위브)"
서울,명보사거리점,"서울특별시 중구 마른내로 42-1, 1층 (초동)"
경기,안산사동중앙점,"경기도 안산시 상록구 항가울로 20, 1층"
서울,고덕래미안점,"서울특별시 강동구 아리수로50길 50, 1층(고덕동)"
인천,부평산곡중앙점,"인천광역시 부평구 원적로 296, 1층 (산곡동)"
서울,구일역점,"서울특별시 구로구 구일로10길 27, B동 1층"
경남,칠원점,"경상남도 함안군 칠원읍 원서로 25, 1층"
경기,오남점,"경기도 남양주시 오남읍 진건오남로 517, 1층"
서울,대림사거리점,"서울특별시 영등포구 시흥대로 629, 1층 (대림동)"
경기,군포송정지구점,"경기도 군포시 송부로 92, 1층 (도마교동)"
서울,마포용강점,"서울특별시 마포구 큰우물로 49, 1층(염리동)"
전북,전주호성점,"전라북도 전주시 덕진구 호성3길 12, 1층(호성동1가)"
인천,계산삼거리점,"인천광역시 계양구 계양대로 215, 1층(계산동)"
서울,개봉푸르지오점,"서울특별시 구로구 고척로 126, 1층(개봉동)"
경기,야당중앙점,"경기도 파주시 송학1길 60, 1층 (야당동)"
서울,가양초점,"서울특별시 강서구 허준로 198, 1층(가양동)"
경기,안양법원점,"경기도 안양시 동안구 부림로 156, 1층 (관양동)"
경기,구성점,"경기도 용인시 기흥구 용구대로2394번길 2, 1층(마북동)"
충남,천안백석현대점,"충청남도 천안시 서북구 백석4길 44, 1층(백석동)"
경기,갈매한라비발디점,"경기도 구리시 갈매순환로 194, 1층(갈매동)"
서울,면목역점,"서울특별시 중랑구 면목로 418, 1층(면목동)"
서울,망원망리단길점,"서울특별시 마포구 동교로 39, 1층(망원동)"
서울,종각역점,"서울특별시 종로구 종로 80-2, 1층(종로2가)"
제주,제주롯데시티점,"제주특별자치도 제주시 도령로 74, 1층(연동)"
경기,김포금빛초점,"경기도 김포시 태장로 823, 1층 (장기동)"
광주,전대예대점,"광주광역시 북구 용주로30번길 63, 1층(용봉동)"
경남,불모산점,"경상남도 창원시 성산구 창원대로 1310, 1층(성주동)"
서울,잠실새내역점,"서울특별시 송파구 백제고분로7길 58, 1층(잠실동)"
전북,전주서일점,"전라북도 전주시 완산구 서신로 111, 1층(서신동)"
서울,신자초사거리점,"서울특별시 광진구 뚝섬로 596, 1층(자양동)"
서울,한남오거리점,"서울특별시 용산구 한남대로21길 33, 1층(한남동)"
경기,수원오목천점,"경기도 수원시 권선구 삼천병마로1597번길 6, 1층(오목천동)"
인천,인천부평공고점,"인천광역시 부평구 갈월서로 46, 1층(갈산동)"
경기,산본학원가점,"경기도 군포시 산본로 382, 1층(산본동)"
경기,광명자이타워점,"경기도 광명시 새빛공원로 67, D동 1층 (일직동)"
서울,목동우성점,"서울특별시 양천구 목동남로4길 2, 1층(신정동)"
서울,합정중앙점,"서울특별시 마포구 양화로 73, 1층 (서교동)"
경기,광명초사거리점,"경기도 광명시 오리로 948-1, 1~2층(광명동)"
서울,서여의도점,"서울특별시 영등포구 국회대로72길 17, 1층(여의도동, KCC파크타운)"
경기,시흥배곧타운점,"경기도 시흥시 배곧4로 32-28, 1층(배곧동)"
경기,평택성동초교점,"경기도 평택시 중앙로 101, 1층(비전동)"
서울,서울역점,"서울특별시 용산구 한강대로 403, 1층(동자동)"
경기,의정부녹양점,"경기도 의정부시 비우로 57, 1층(녹양동)"
서울,마천역점,"서울특별시 송파구 마천로57길 3, 1층 (마천동)"
서울,당산중앙점,"서울특별시 영등포구 당산로 214, 1층"
경기,남양주마석역점,"경기도 남양주시 화도읍 마석중앙로 67, 1층"
전북,정읍수성점,"전라북도 정읍시 수성2로 30, 1층(수성동)"
서울,금호사거리점,"서울특별시 성동구 독서당로 329, 1층(금호동3가)"
서울,문정로데오점,"서울특별시 송파구 중대로12길 35, 1층(가락동)"
충남,아산배미점,"충청남도 아산시 서부북로 974, 1층(배미동)"
경기,어룡역점,"경기도 의정부시 용현로105번길 37, 1층(민락동)"
서울,마곡역점,"서울특별시 강서구 공항대로 190, 1층(마곡동)"
서울,신월경창시장점,"서울특별시 양천구 월정로 53, 1층(신월동)"
서울,휘경주공점,"서울특별시 동대문구 사가정로25길 29, 1층(장안동)"
충북,청주율량중앙점,"충청북도 청주시 청원구 율량로 199, 1층 (율량동)"
인천,인천검단초점,"인천광역시 서구 검단로623번길 13, 1층(마전동)"
충남,보령점,"충청남도 보령시 중앙로 73, 1층(대천동)"
서울,강서등촌점,"서울특별시 강서구 공항대로61길 22, 1층(염창동)"
경기,안양충훈부점,"경기도 안양시 만안구 충훈로 95, 1층(석수동)"
서울,수락중앙점,"서울특별시 노원구 동일로 1651, 1층 4호(상계동)"
경기,안산성포점,"경기도 안산시 상록구 화랑로 508, 1층(성포동)"
서울,석촌호수점,"서울특별시 송파구 석촌호수로 188, 1층 106호(석촌동)"
경기,수원천천푸르지오점,"경기도 수원시 장안구 정자천로13번길 13-1, 1층(천천동)"
서울,오목교중앙점,"서울특별시 양천구 목동동로12길 45, 1층 제7호"
광주,광주동림삼익점,광주광역시 북구 유림로 168
부산,센텀재송점,"부산광역시 해운대구 해운대로76번길 44, 1층(재송동)"
경기,수원연무시장점,"경기도 수원시 장안구 연무로13번길 58, 1층 (연무동)"
서울,신림역사거리점,"서울특별시 관악구 남부순환로 1617, 1층(신림동)"
경기,안양남부시장점,"경기도 안양시 만안구 안양로 257, 1층(안양동)"
경기,시흥하상점,"경기도 시흥시 연성로 86, 1층(하상동)"
경기,시흥대야댓골점,"경기도 시흥시 복지로53번길 16, 1층(대야동)"
경기,구리아름마을점,"경기도 구리시 동구릉로85번길 30, 1층(인창동)"
충남,서산동문점,"충청남도 서산시 고운로 275-5, 1층(동문동, 동문프라자)"
서울,마곡유림점,"서울특별시 강서구 강서로 419, 1층(마곡동)"
경기,수원송죽점,"경기도 수원시 장안구 송원로 1, 1층 (송죽동)"
서울,중계본동점,"서울특별시 노원구 중계로14길 29, 1층(중계동)"
경기,파주주내삼거리점,"경기도 파주시 파주읍 우계로 65, 1층"
서울,건대입구역점,"서울특별시 광진구 아차산로 224, 1층(자양동)"
서울,가재울북가좌초교점,"서울특별시 서대문구 거북골로 184, 1층(북가좌동)"
서울,구로고척시장점,"서울특별시 구로구 경인로47길 107, 1층(고척동)"
서울,대학로중앙점,"서울특별시 종로구 대학로 144, 1층(혜화동)"
인천,부평아이즈빌점,"인천광역시 부평구 마장로 489, 1동 1104호(청천동, 아이즈빌아울렛)"
인천,계산중앙점,"인천광역시 계양구 경명대로 1138, 1층(계산동)"
서울,논골사거리점,"서울특별시 성동구 행당로5길 2, 1층(금호동1가)"
서울,양평역점,"서울특별시 영등포구 양산로 53, 105호(양평동3가, 월드메르디앙비즈센터)"
서울,영등포역점,"서울특별시 영등포구 영중로 10-1, 1층(영등포동3가)"
인천,인천주안제일점,"인천광역시 미추홀구 제일로 36, 1층(도화동)"
제주,제주노형점,"제주특별자치도 제주시 월랑로8길 1,1층 101호(노형동, 아란야플라자)"
경기,평촌어바인퍼스트점,"경기도 안양시 동안구 경수대로 585, 106호(호계동, 평촌어바인퍼스트상가2동)"
부산,학장점,"부산광역시 사상구 대동로 103, 1층 102호(학장동, 홍익빌딩)"
서울,은평역촌점,"서울특별시 은평구 갈현로 88, 1층(역촌동)"
서울,송파나루역점,"서울특별시 송파구 백제고분로 464, 1층(방이동, 대륙빌딩)"
충남,아산용연마을점,"충청남도 아산시 배방읍 용연로 37, 104호"
강원,동해천곡점,"강원도 동해시 천곡로 14, 1층 1호(천곡동)"
서울,방이역점,서울특별시 송파구 마천로 23
부산,망미점,"부산광역시 수영구 망미로30번길 38, 1층(망미동)"
서울,정릉뉴타운점,"서울특별시 성북구 정릉로 307, 상가동 지하1층"
경기,김포시청점,"경기도 김포시 돌문로 48, 105,106일부호(사우동, 한솔프라자)"
충남,서산먹골점,"충청남도 서산시 율지18로 33, 1층(동문동)"
강원,강릉송정점,강원도 강릉시 경강로2477번길 4(송정동)
전남,강진터미널점,전라남도 강진군 강진읍 중앙로 97
대전,대전법동점,"대전광역시 대덕구 동춘당로 181, 1층 2호(법동)"
서울,동대문종합시장점,"서울특별시 종로구 종로 266, B동 6층 8호"
전남,목포연산점,"전라남도 목포시 원산중앙로 107, 상가동 106호"
서울,서초우면점,"서울특별시 서초구 태봉로 70, 1층 103호"
경기,안양수촌마을점,"경기도 안양시 동안구 관평로305번길 49, 1층 107호"
인천,인천루원중앙점,"인천광역시 서구 가정로 415, 101호, 102호"
경기,킨텍스원시티점,경기도 고양시 일산동구 월드고양로 19상가동3동 1층 222호
서울,명동중앙우체국점,"서울특별시 중구 명동8나길 51, 1~3층"
경기,동두천점,"경기도 동두천시 중앙로 277-1, 1층(생연동)"
서울,마포도화점,"서울특별시 마포구 삼개로 19, 1층(도화동)"
서울,상일고덕점,"서울특별시 강동구 상일로 55, 108호(상일동, 고덕자이)"
서울,시흥한울중점,서울특별시 금천구 독산로 178
경기,안산이동점,"경기도 안산시 상록구 도매시장로 33, 1층"
서울,구파발역점,"서울특별시 은평구 진관2로 29-21, 1층"
강원,원주혁신도시점,"강원도 원주시 혁신로 53, 1층 111호"
경기,의정부경의교차로점,"경기도 의정부시 경의로 107, 1층 104호"
서울,장안동사거리점,"서울특별시 동대문구 장한로 165, 1층"
경기,화서파크푸르지오점,"경기도 수원시 장안구 대평로 27, 201동 1층 101호"
전남,여수웅천점,전라남도 여수시 예울마루로 41(웅천동)
경남,창원법원점,"경상남도 창원시 성산구 창이대로692번길 5, 1층 103호"
서울,논현중앙점,"서울특별시 서초구 강남대로 523, 1층"
경기,능곡삼거리점,"경기도 고양시 덕양구 토당로 115, 1층 110,111,112호(토당동, 금호프라자)"
대전,대전신탄진점,"대전광역시 대덕구 대덕대로 1555, 상가동 121호(석봉동, 금강엑슬루타워)"
서울,명지전문대점,"서울특별시 서대문구 가좌로 146, 1층(홍은동, 태향빌딩)"
경기,안산선부중앙점,"경기도 안산시 단원구 달미로 64, 수정한양아파트 군자1차상가 1층 102 일부호(선부동)"
경기,일산국립암센터점,경기도 고양시 일산동구 일산로330번길 12-11
전남,전남함평점,전라남도 함평군 함평읍 영수길 186
충남,태안점,"충청남도 태안군 태안읍 동문2길 25, 102호"
경기,화성시청점,"경기도 화성시 남양읍 시청로 119, 107호"
서울,강남구청역점,"서울특별시 강남구 학동로 342, 1층 106호(논현동, 에스케이허브블루)"
광주,광주대인점,"광주광역시 동구 제봉로 221, 1층(대인동)"
경기,김포신곡점,"경기도 김포시 고촌읍 수기로 109, 1층 11호"
대전,대전송촌점,"대전광역시 대덕구 송촌북로16번길 57, 1층(송촌동, 선비Q랜드)"
경기,안산초지중앙점,"경기도 안산시 단원구 원포공원1로 30, 121호(초지동, 서해프라자)"
서울,올림픽공원북문점,"서울특별시 강동구 성안로 9, 1층 103호(성내동)"
인천,용남시장점,"인천광역시 미추홀구 인주대로 264, 1층(용현동)"
전북,익산배산점,"전라북도 익산시 선화로3길 31-13, 1층 104호(모현동1가)"
전북,전북장계점,전라북도 장수군 장계면 한들로 103
서울,종암사거리점,"서울특별시 성북구 종암로27길 13, 1층 103,104호(종암동, 도원프라자)"
강원,강릉주문진점,"강원도 강릉시 주문진읍 주문로 78, 1층"
서울,강서세무서점,"서울특별시 강서구 공항대로 103, 판매시설2동 1층 104호(마곡동, 마곡 엠밸리 9단지)"
서울,공릉중앙점,서울특별시 노원구 공릉로 137(공릉동)
서울,양재시민의숲점,"서울특별시 서초구 동산로 3, 1층"
경기,운정힐스테이트점,"경기도 파주시 교하로 100, 940동 105호(목동동, 힐스테이트 운정)"
인천,인천청학점,"인천광역시 연수구 청학로 10, 지상1층 일부호(청학동, 대성빌딩)"
충북,청주오창중앙점,"충청북도 청주시 청원구 오창읍 오창중앙로 123-7, 102호"
경기,하남학암점,"경기도 하남시 위례학암로 17, 1층(학암동)"
전남,순천용당점,"전라남도 순천시 삼산로 101, 1동 101호(용당동, 유토파인 주상복합)"
서울,신도림크라운빌점,"서울특별시 구로구 경인로63길 11, B동 1층 105호(신도림동, 신도림크라운빌2 오피스텔)"
경기,의정부가능SK점,"경기도 의정부시 신촌로 19, 1층(가능동)"
제주,제주표선점,"제주특별자치도 서귀포시 표선면 표선동서로 252, 1층"
서울,하월곡동점,"서울특별시 성북구 오패산로3길 3, 1층(하월곡동, 홍진빌딩)"
서울,항동지식산업센터점,"서울특별시 구로구 부광로 88, 항동 공공주택지구 내 업무2BL 구로SK V1 center BB102-B호(항동)"
부산,온천천점,"부산광역시 동래구 안남로 108, 1층 103호(안락동, 화성코아)"
서울,강남중앙점,"서울특별시 서초구 서초대로77길 35, 1층 102호(서초동)"
경기,경기광주쌍령점,"경기도 광주시 경충대로1422번길 10, 1층 104호(쌍령동, 제일빌딩)"
