지역,매장명,주소,위도,경도
서울,홍대점,서울특별시 마포구 잔다리로6길 39(서교동),,
경기,안양1번가점,경기도 안양시 만안구 안양로304번길,37.3995506,126.9216779
경기,성복역점,경기도 용인시 수지구 수지로,37.3079476,127.0755107
대구,대구동성로점,대구광역시 중구 중앙대로 395(동성로3가),,
서울,강남역점,서울특별시 강남구 테헤란로 101,37.5082638,127.0606999
인천,부평역점,"인천광역시 부평구 광장로 16,",37.4905349,126.7240671
강원,화천 사창리점,강원도 화천군 사내면 사내로,38.0705724,127.5236577
전북,군산 수송점,전라북도 군산시 문화로 119(수송동),,
서울,신도림역점,"서울특별시 구로구 경인로 661,",37.4978622,126.852714
부산,광복동점,부산광역시 중구 광복로 55(창선동1가),,
부산,서면점,부산광역시 부산진구 중앙대로692번길 26(부전동),,
전북,전북대점,전라북도 전주시 덕진구 기린대로,35.8353765,127.1347916
경기,부천위브점,경기도 부천시 신흥로 190(중동),37.505482,126.775847
경남,통영죽림점,경상남도 통영시 광도면 죽림2로,,
경남,경남 사천점,경상남도 사천시 사남면 조동길,,
경기,시흥 은행점,경기도 시흥시 수인로3287번길 25-2(은행동),,
경기,연천전곡점,경기도 연천군 전곡읍 전곡로,38.0267735,127.0677922
경남,통영무전점,"경상남도 통영시 무전8길 22-16(무전동,",,
경기,운정신도시1호점,"경기도 파주시 청암로17번길 53,",37.7300449,126.7357175
부산,광복2호점,"부산광역시 중구 광복중앙로 33,",35.100694,129.0310682
경기,부천 춘의점,"경기도 부천시 부천로198번길 27,",37.5024186,126.7901424
서울,가산디지털단지점,서울특별시 금천구 디지털로9길 32(가산동),,
부산,반여점,"부산광역시 해운대구 재반로 230-1,",35.197786050000005,129.1313024930372
경기,파주금릉점,"경기도 파주시 금빛로 24-10,",37.7517789,126.7666241
전북,전주효자점,전라북도 전주시 완산구 용머리로,35.8076031,127.1320827
경기,망월사역점,경기도 의정부시 평화로 206,37.7012713,127.0473386
부산,경성대점,"부산광역시 남구 용소로14번길 23,",35.1353017,129.0987968
서울,신설동역점,서울특별시 동대문구 왕산로 3(신설동),37.5764124,127.0253696
충남,아산배방점,충청남도 아산시 배방읍 모산로126번길,36.7722965,127.05817
부산,부산범천점,"부산광역시 부산진구 황령대로 23,",35.1484867,129.0627877
경북,포항양덕점,경상북도 포항시 북구 천마로90번길,36.0846002,129.3991555
경남,삼천포점,경상남도 사천시 주공로 42(벌리동),,
전북,군산나운점,전라북도 군산시 백토로 110(나운동),,
경기,시흥정왕점,"경기도 시흥시 정왕대로 64,",37.3397572,126.7481232
경기,수지구청역점,경기도 용인시 수지구 풍덕천로,37.3209378,127.0919727
전북,진안가위박물관점,전라북도 진안군 진안읍 마이산로,35.7854003,127.4223212
경남,진주경상대점,경상남도 진주시 진주대로 528영빌딩,,
경기,곤지암점,경기도 광주시 곤지암읍 평촌길,37.3559268,127.3260266
경기,남이섬점,경기도 가평군 가평읍 북한강변로,37.7766514,127.5312707
서울,망원역점,서울특별시 마포구 동교로9길 49(망원동),,
서울,구로디지털단지역점,"서울특별시 구로구 디지털로31길 41,",37.4854057,126.8929688
전북,군산 명산1호점,"전라북도 군산시 월명로 460-2,",35.9640478,126.7157389
강원,와수리점,강원도 철원군 서면 와수로,38.2275872,127.4297009
강원,화천점,강원도 화천군 화천읍 중앙로,,
인천,인천논현역점,인천광역시 남동구 논고개로123번길 17아이플렉스,,
부산,부산송정점,부산광역시 해운대구 송정해변로 50(송정동),,
충남,아산터미널점,충청남도 아산시 번영로 220(모종동),,
경북,구미옥계점,경상북도 구미시 산호대로 793-1(옥계동),,
경북,포항흥해점,경상북도 포항시 북구 흥해읍,36.1126,129.35397
경북,포항시청점,경상북도 포항시 남구 대이로,36.0272905,129.3404464
대구,명덕역점,대구광역시 중구 중앙대로 278(남산동),,
충북,세명대점,충청북도 제천시 세명로 60(모산동),37.180459,128.204935
대구,태전역점,대구광역시 북구 칠곡중앙대로 254(태전동),,
전남,순천점,전라남도 순천시 우석로 53(덕월동),,
서울,왕십리점,서울특별시 성동구 마조로1길 42(행당동),,
경남,사남점,경상남도 사천시 사남면 진삼로,35.0497083,128.0724872
경북,도량점,경상북도 구미시 도봉로 82,36.1399559,128.3157074
경북,포항지곡점,경상북도 포항시 남구 지곡로,36.0130292,129.3261121
서울,고대점,서울특별시 성북구 고려대로27길 15(안암동5가),,
인천,검암점,"인천광역시 서구 승학로 470,",37.5636344,126.6735565
경기,남양주장현점,경기도 남양주시 진접읍 장현로,37.7133425,127.1787476
경기,남양주 마석점,경기도 남양주시 화도읍 비룡로,,
부산,범일동점,"부산광역시 동구 범일로102번길 13,",35.1390469,129.060939
강원,철원동송점,강원도 철원군 동송읍 금학로,,
경기,포천운천점,경기도 포천시 영북면 운천로,,
경북,포항우현점,경상북도 포항시 북구 우창로,36.0630203,129.3618379
충남,아산북수점,충청남도 아산시 배방읍 북수로,36.7747739,127.0699577
서울,노량진점,서울특별시 동작구 노량진로16길 14(노량진동),,
서울,서울대입구점,서울특별시 관악구 남부순환로 1861(봉천동),,
서울,고대정문점,"서울특별시 동대문구 안암로 158-1,",37.5878247,127.0342595
대구,범어점,대구광역시 수성구 달구벌대로480길 31(범어동),,
부산,서면1번가점,부산광역시 부산진구 서면로 30(부전동),,
부산,남항점,부산광역시 영도구 남항로41번길 1(남항동1가),,
경기,동탄2 시범단지점,"경기도 화성시 동탄대로시범길 148-14,",37.2008744,127.1138715
울산,매곡점,울산광역시 북구 매산로 35,35.6401791,129.3595218
울산,서부점,울산광역시 동구 방어진순환도로 913(서부동),,
인천,갈산점,인천광역시 부평구 주부토로 251(갈산동),,
경북,포항연일점,경상북도 포항시 남구 연일읍,35.99816,129.32687
대전,우송대점,대전광역시 동구 동대전로 174-2(자양동),,
서울,보라매점,서울특별시 동작구 여의대방로 30(신대방동),,
서울,안국역점,서울특별시 종로구 계동길 33-2(계동),,
강원,양구점,강원도 양구군 양구읍 중앙길,,
경북,영남대점,경상북도 경산시 대학로 323(조영동),,
서울,마곡나루역점,"서울특별시 강서구 마곡중앙5로1길 20,",37.568413,126.826395
인천,청라커낼점,인천광역시 서구 청라커낼로329번길 19-3(청라동),,
충남,연무대점,충청남도 논산시 연무읍 안심로,36.1380315,127.1005425
인천,서창점,"인천광역시 남동구 서창남순환로215번길 17,",37.4258876,126.7472341
서울,수락산역점,서울특별시 노원구 동일로 1700토마토파르코,,
경기,고양점,경기도 고양시 덕양구 혜음로,37.7218926,126.8961196
경남,고성점,경상남도 고성군 고성읍 중앙로25번길,,
부산,동서대점,부산광역시 사상구 가야대로 358(주례동),,
부산,사상터미널점,"부산광역시 사상구 사상로 196,",35.1557118,128.9909862
충남,천안두정점,충청남도 천안시 서북구 봉정로,36.8164488,127.1423552
제주,제주혁신도시점,제주특별자치도 서귀포시 대청로 34제주강정유승한내들퍼스트오션,,
서울,우장산역점,서울특별시 강서구 강서로45길 6(내발산동),37.548096650000005,126.83583377488628
경기,구리수택점,"경기도 구리시 체육관로80번길 41,",,
경기,부천 고강점,"경기도 부천시 역곡로 505,",37.533121,126.8161123
대전,대전중앙로지하상가점,대전광역시 중구 중앙로 지하145,,
경기,부천 신중동점,"경기도 부천시 길주로 270,",37.5036093,126.7866016
경남,사천정동점,경상남도 사천시 정동면 정동중앙로,,
강원,신철원점,강원도 철원군 갈말읍 삼부연로,,
경북,포항유강점,경상북도 포항시 남구 연일읍,35.99816,129.32687
경기,이천중앙점,경기도 이천시 서희로 57(창전동),,
경북,포항두호점,경상북도 포항시 북구 두호로,36.0602051,129.3744177
서울,문정테라타워2점,"서울특별시 송파구 송파대로 201,",37.4874239,127.1193809
인천,계양구청점,"인천광역시 계양구 계산새로 93,",37.5374438,126.7286998
세종,세종새롬점,"세종특별자치시 새롬중앙로 51, 107호(새롬동)",,
대구,대구대현점,대구광역시 북구 대현로20길 9(대현동),,
서울,홍대입구역점,서울특별시 마포구 홍익로6길 48(동교동),,
경기,포천송우리점,경기도 포천시 소흘읍 송우로,37.8287991,127.1435894
경기,안양중앙시장점,경기도 안양시 만안구 안양로303번길,37.3985572,126.9197671
경기,동탄북광장점,경기도 화성시 동탄중심상가2길 7씨티플러스,,
경기,기흥구청점,경기도 용인시 기흥구 구갈로,37.2829956,127.1112159
경북,포항효자점,경상북도 포항시 남구 효성로,36.0061236,129.3394631
부산,부산수영점,부산광역시 수영구 연수로415번길 6(수영동),,
부산,부산사직점,"부산광역시 동래구 사직북로47번길 20,",35.1986389,129.0593709
인천,주안역점,"인천광역시 미추홀구 주안로 92,",37.4640719,126.6802572
서울,가양역점,"서울특별시 강서구 양천로 492,",37.5733451,126.8166853
경북,쌍용사거리점,경상북도 포항시 북구 상대로,36.0152116,129.3554234
경기,광명사거리역점,경기도 광명시 광명로 877광명한진아파트,,
인천,도화점,"인천광역시 미추홀구 숙골로 90,",37.4677788,126.6656426
강원,철원문혜리점,강원도 철원군 갈말읍 태봉로,38.1848433,127.3043441
경기,상현역점,경기도 용인시 수지구 광교중앙로,37.29556,127.0687234
경기,평택역점,경기도 평택시 평택1로 2-1(평택동),,
부산,동래시장점,부산광역시 동래구 충렬대로 249(수안동),,
서울,대학점,서울특별시 관악구 호암로26가길 2(신림동),,
전남,나주혁신도시점,전라남도 나주시 상야4길 21(빛가람동),35.0220379,126.7920996
서울,우이동점,"서울특별시 강북구 삼양로149길 10(우이동,",,
경기,송탄출장소점,"경기도 평택시 관광특구로 30,",37.0665616,127.0619958
강원,강원대점,강원도 춘천시 서부대성로227번길 24(효자동),,
충남,아산탕정점,충청남도 아산시 탕정면 탕정면로,36.7987774,127.0637549
부산,부산대점,부산광역시 금정구 금정로68번길 41청송아파트,,
대구,칠성동점,"대구광역시 북구 중앙대로 540칠성동2가,",,
경남,거제수월점,경상남도 거제시 수양로 442거제자이상가,,
대구,칠곡3지구점,"대구광역시 북구 동천로 133,",35.94339105,128.56054593644632
제주,서귀포중앙점,제주특별자치도 서귀포시 중앙로 56(서귀동),,
서울,연남숲길점,서울특별시 마포구 동교로 235-1(연남동),,
경남,김해율하점,경상남도 김해시 율하2로236번길 44-1(율하동),,
부산,부산남천점,부산광역시 수영구 수영로 379(남천동),,
경기,일산가좌점,경기도 고양시 일산서구 가좌1로,37.6885365,126.7197635
충남,불당신도시점,충청남도 천안시 서북구 불당25로,36.808556,127.1056238
부산,부산동구청점,부산광역시 동구 고관로 95-1(수정동),,
충남,천안터미널점,충청남도 천안시 동남구 만남로,36.8204649,127.1611039
경북,금오공대점,경상북도 구미시 대학로 52-3(거의동),,
서울,수색자이점,서울특별시 은평구 수색로 217디엠씨,,
인천,인천신현점,"인천광역시 서구 원창로 194,",37.518018,126.6597662
경기,부천송내로데오점,경기도 부천시 상일로94번길 35삼익PLAZA,,
인천,계산역점,인천광역시 계양구 경명대로 1088(계산동),,
경기,일산동구청점,경기도 고양시 일산동구 정발산로,37.6636951,126.7867404
경기,목감신도시점,경기도 시흥시 목감남서로 9-27키움프라자,,
충남,아산지중해마을점,충청남도 아산시 탕정면 탕정면로8번길,36.797347,127.0585722
강원,인제점,강원도 인제군 인제읍 인제로,,
서울,당산역점,"서울특별시 영등포구 양평로 67,",37.5366186,126.8964835
경기,의정부민락점,경기도 의정부시 오목로225번길 157폴리프라자3,,
경기,동탄SRT역점,경기도 화성시 동탄오산로 82퍼스트프라자,,
경기,부천 심곡본동점,"경기도 부천시 성주로 175,",37.478165,126.779921
부산,광안시장점,부산광역시 수영구 수영로603번길 4(광안동),,
인천,구월로데오점,"인천광역시 남동구 예술로 126,",37.4453237,126.7007246
경북,포항오천점,경상북도 포항시 남구 오천읍,35.93673,129.40736
경기,김포사우점,경기도 김포시 사우중로 78밀레니엄프라자,,
경남,진주평거점,경상남도 진주시 평거로5번길 24(평거동),,
대구,대구유천점,대구광역시 달서구 조암남로 158그랑에비뉴,,
대전,대전노은점,대전광역시 유성구 노은로 158그랜드타운,,
경남,양산석산점,경상남도 양산시 동면 금오13길,35.3199894,129.0255891
대전,둔산동점,대전광역시 서구 대덕대로 179굿모닝엠제이피부과빌딩,,
부산,해운대좌동점,부산광역시 해운대구 대천로103번길 47대림아파트1차아파트,,
경기,동탄남광장점,경기도 화성시 동탄중심상가1길 9월드프라자,,
경기,양평용문점,경기도 양평군 용문면 용문역길,37.4819427,127.5924164
경남,진주혁신점,경상남도 진주시 사들로 52,35.17222405,128.14884479387555
경기,배곧이지더원점,경기도 시흥시 해송십리로 472-12배곧이지더원1차,,
경기,포천일동점,경기도 포천시 일동면 화동로1051번길,37.9575173,127.3167836
경기,수원인계점,경기도 수원시 팔달구 인계로,37.2696916,127.0220918
경남,양산물금점,경상남도 양산시 물금읍 물금로,35.3196603,129.0005313
광주,광주상무지구점,"광주광역시 서구 상무연하로 75,",35.1529285,126.8501939
경기,파주봉일천점,경기도 파주시 조리읍 봉천로,37.7485041,126.8001583
경기,화성병점점,경기도 화성시 효행로 1073,37.2136546,127.0410958
경남,김해삼계점,"경상남도 김해시 삼계중앙로 39,",35.2602612,128.8657065
경기,김포마송점,경기도 김포시 통진읍 김포대로2244번길,37.6909726,126.5982763
경북,구미확장단지점,경상북도 구미시 산동면 신당1로2길,,
경북,경주용황점,경상북도 경주시 용황구획4길 35에이치프라자,,
경기,가평현리점,경기도 가평군 조종면 현창로38번길,,
부산,괴정점,"부산광역시 사하구 장평로 448,",35.0875101,128.9729183
인천,인천효성점,"인천광역시 계양구 안남로 548,",37.5354438,126.710985
경기,신원당점,경기도 고양시 덕양구 고양대로1384번길,37.6527407,126.837184
서울,발산역점,"서울특별시 강서구 강서로 380,",37.5583814,126.8381831
서울,H비지니스파크점,"서울특별시 송파구 법원로11길 25,",37.4860543,127.1194402
부산,부산남구청점,부산광역시 남구 못골로41번길 13대연2차동원로얄듀크,,
경기,안산문화광장점,경기도 안산시 단원구 광덕대로,37.3179224,126.8303167
인천,서창1지구점,인천광역시 남동구 매소홀로 1127,37.4392996,126.723139
대구,시지신매점,대구광역시 수성구 신매로 91한라협화타운,,
경기,배곧유호엔시티점,경기도 시흥시 서울대학로278번길 43-7배곧,,
인천,임학역점,인천광역시 계양구 장제로 893(임학동),,
부산,대연점,부산광역시 남구 수영로 262(대연동),,
인천,만수역점,인천광역시 남동구 구월로 358(만수동),37.456395900000004,126.70312983873579
경기,용인풍덕천점,경기도 용인시 수지구 문인로,37.3331725,127.101029
부산,양정점,부산광역시 부산진구 중앙대로 898(양정동),,
충북,진천점,충청북도 진천군 진천읍 상산로,36.8546795,127.4375438
경기,일산가로수길점,경기도 고양시 일산서구 주엽로,37.6673872,126.7553436
경기,태전아이파크점,경기도 광주시 태봉로 110태전4지구,,
경기,하남미사점,경기도 하남시 미사강변대로226번안길 25디럭스프라자Ⅰ,,
인천,남동인더스파크역점,인천광역시 남동구 은청로 4-7(고잔동),,
경기,구리인창점,경기도 구리시 건원대로 95,37.6106154,127.1379678
부산,서면롯데점,부산광역시 부산진구 가야대로784번길 11(부전동),,
경남,거제중곡점,"경상남도 거제시 중곡로 43,",34.89654055,128.62982578827243
경기,부천역점,경기도 부천시 부일로 460시네마존,,
서울,사보이시티점,서울특별시 마포구 월드컵북로54길 17130호(상암동,,
경남,마산산호점,경상남도 창원시 마산합포구 산호북17길,35.220299,128.5852021
인천,인천동춘점,인천광역시 연수구 앵고개로264번길 41한양,,
경기,수원영통점,경기도 수원시 영통구 청명남로,37.2524514,127.0753938
인천,부평로데오점,인천광역시 부평구 시장로 17(부평동),,
충남,내포신도시점,충청남도 홍성군 홍북읍 청사로,36.6514817,126.6772696
서울,화양점,"서울특별시 광진구 광나루로 361,",37.5453891,127.0805575
경남,거제고현점,경상남도 거제시 거제중앙로 1919(고현동),,
제주,연동점,제주특별자치도 제주시 과원북2길 48(연동),33.4789946,126.4889945
서울,잠실역지하쇼핑센터점,"서울특별시 송파구 올림픽로 지하265,",,
강원,속초중앙시장점,강원도 속초시 중앙로147번길 15(중앙동),,
서울,동소문점,서울특별시 성북구 아리랑로 14(동선동4가),,
전남,여수학동점,전라남도 여수시 시청동3길 10(학동),,
경기,서정마을점,경기도 고양시 덕양구 서정마을1로,37.6189403,126.8461446
부산,가야점,"부산광역시 부산진구 대학로 12,",35.1549392,129.0382673
경기,용인강남대점,경기도 용인시 기흥구 강남로,37.2704606,127.1265846
인천,송도점,"인천광역시 연수구 신송로125번길 13,",37.39460955,126.65116305000001
경기,안성공도점,경기도 안성시 공도읍 송원길,37.0072596,127.1723665
인천,인천논현에코점,"인천광역시 남동구 논고개로 77,",37.416058,126.7271037
인천,국제성모병원점,"인천광역시 서구 탁옥로 105,",37.5438931,126.6752828
인천,검단사거리점,"인천광역시 서구 완정로 153,",37.6014715,126.6587073
서울,미아수유시장점,서울특별시 강북구 솔매로45길 95(미아동),,
경기,오포점,경기도 광주시 오포읍 양벌로,37.3777614,127.253618
경남,현동점,경상남도 창원시 마산합포구 현동4길,35.1515322,128.5502818
부산,명지점,부산광역시 강서구 명지국제12로29번길 5,35.1053373,128.92447
제주,동홍동점,제주특별자치도 서귀포시 동홍로 98,33.2555753,126.5677254
경기,수원매탄점,경기도 광주시 오포읍 양벌로,37.3777614,127.253618
경기,위례신도시점,경기도 성남시 수정구 위례광장로,37.4724689,127.1433305
경기,용인보라동점,경기도 용인시 기흥구 한보라1로,,
강원,홍천점,강원도 홍천군 홍천읍 홍천로5길,37.6898028,127.8830869
서울,이수태평점,서울특별시 동작구 동작대로27길 20(사당동),,
경기,파주문산점,경기도 파주시 문산읍 문향로67번길,37.8583299,126.7841912
경기,고양화정점,경기도 고양시 덕양구 화신로272번길,37.6327162,126.8315533
제주,함덕해수욕장점,제주특별자치도 제주시 조천읍 조함해안로,,
인천,청라스퀘어7점,"인천광역시 서구 청라루비로 76,",37.5264214,126.6411467
경기,동탄영천점,"경기도 화성시 지산1길 11-10,",,
서울,가산 SK V1점,"서울특별시 금천구 가산디지털1로 171,",37.4818877,126.8809178
제주,제주중문점,제주특별자치도 서귀포시 천제연로 182(중문동),,
서울,문정아이파크점,"서울특별시 송파구 법원로4길 6,",37.4828248,127.1226576
경기,구리갈매점,경기도 구리시 경춘북로 252갈매역아이파크841동,,
인천,영종운서역점,"인천광역시 중구 신도시남로142번길 6,",37.4938877,126.4919643
경기,군포당정점,경기도 군포시 고산로151번길 8당정메디컬빌딩,,
전북,전북정읍점,전라북도 정읍시 중앙로 56,35.5612118,126.8632579
부산,해운대백병원점,부산광역시 해운대구 좌동순환로 252대원아파트,,
인천,인천만수점,인천광역시 남동구 담방로 36(만수동),,
경기,용인에버랜드역점,경기도 용인시 처인구 포곡읍,37.2778094,127.2308608
경기,수원아주대점,경기도 수원시 영통구 아주로,37.2766324,127.0444677
인천,청라심곡천점,인천광역시 서구 보석로11번안길 11(청라동),,
인천,루원시티점,"인천광역시 서구 봉오재1로 49,",37.523534,126.6678183
인천,청라홍익점,"인천광역시 서구 중봉대로586번길 9-4,",37.5320949,126.6509323
경기,안성진사리점,경기도 안성시 공도읍 진건중길,36.9921338,127.1414973
서울,한성대입구역점,서울특별시 성북구 동소문로 9(동소문동1가),,
인천,인천당하점,"인천광역시 서구 청마로167번길 9,",37.593012,126.6747046
광주,광주하남2지구점,광주광역시 광산구 용아로379번길 29(산정동),,
인천,인천마전점,"인천광역시 서구 완정로 35,",37.5955814,126.6700913
경기,남양주호평점,"경기도 남양주시 늘을2로 26,",37.6550951,127.2441133
경기,의정부동오마을점,경기도 의정부시 추동로19번길 7(신곡동),,
경기,은행로데오점,경기도 시흥시 은행로155번길 16(은행동),,
인천,청라경서점,"인천광역시 서구 청라커낼로 264,",37.5215468,126.6295641
인천,모래내시장점,인천광역시 남동구 구월로276번길 20(구월동),,
경기,안성명동점,경기도 안성시 중앙로389번길 23(대천동),,
충남,논산취암점,충청남도 논산시 중앙로410번길 11(취암동),,
경남,개양오거리점,경상남도 진주시 가좌길74번길 12(가좌동),,
경기,용인동백점,경기도 용인시 기흥구 동백중앙로,37.2713653,127.1526133
경기,화성향남2지구점,경기도 화성시 향남읍 발안양감로,37.1129928,126.9209257
인천,부평시장역점,인천광역시 부평구 부평대로 67-2(부평동),,
서울,반포고투몰점,"서울특별시 서초구 신반포로 지하200,",,
부산,서면롯데호텔점,부산광역시 부산진구 부전로 64(부전동),,
경기,안산본오점,경기도 안산시 상록구 샘골로,37.2891807,126.863557
인천,인천삼산점,인천광역시 부평구 길주로 639(삼산동),,
경기,오산수청점,"경기도 오산시 내삼미로 93,",37.1668933,127.0670891
서울,노원역점,서울특별시 노원구 노해로 459(상계동),,
부산,개금시장점,부산광역시 부산진구 가야대로 480-1(개금동),,
부산,장전역점,부산광역시 금정구 중앙대로1719번길 30(부곡동),,
경기,죽전보정점,경기도 용인시 기흥구 죽전로,37.3204988,127.1155571
경기,포천신읍점,경기도 포천시 구절초로 20(신읍동),,
제주,제주남원점,제주특별자치도 서귀포시 남원읍 태위로,,
경기,수원고색산업단지점,경기도 수원시 권선구 산업로,37.2407267,126.976775
서울,구로깔깔거리점,서울특별시 구로구 시흥대로 557(구로동),,
제주,제주서홍점,제주특별자치도 서귀포시 중앙로 199(서홍동),33.2546735,126.5610815
경기,일산라페스타점,경기도 고양시 일산동구 무궁화로,37.6730832,126.7867351
경기,부천상동점,"경기도 부천시 상동로 113,",37.5074692,126.7530373
강원,원주단구점,강원도 원주시 서원대로 392(단구동),,
경기,옥정신도시점,"경기도 양주시 옥정동로7나길 15,",37.8204794,127.0937336
전남,나주빛가람점,전라남도 나주시 상야1길 7예가람타워,,
인천,인천산곡점,인천광역시 부평구 마장로 310(산곡동),37.511995999999996,126.70314652492877
서울,위례와이즈더샵점,"서울특별시 송파구 위례광장로 270,",37.4742312,127.1434465
광주,조선대점,광주광역시 동구 필문대로273번길 5(동명동),,
부산,해운대NC점,부산광역시 해운대구 해운대로 813(좌동),,
서울,화곡역점,서울특별시 강서구 화곡로 160(화곡동),,
경기,고양삼송시티점,경기도 고양시 덕양구 동송로,37.6468726,126.8986919
서울,월곡두산점,서울특별시 성북구 오패산로 46월곡두산위브아파트,,
경기,평택대점,경기도 평택시 현신2길 8(용이동),,
서울,공덕오거리점,서울특별시 마포구 새창로 10(도화동),,
경기,수원영통구청점,경기도 수원시 영통구 효원로,37.2592996,127.0413686
전남,광양중동점,전라남도 광양시 공영로 74(중동),,
인천,인천가정지구점,인천광역시 서구 청중로478번길 7(가정동),,
경기,지행역점,경기도 동두천시 지행로 64(지행동),,
전북,전주아중점,전라북도 전주시 덕진구 무삼지로,35.8324755,127.1629775
강원,춘천석사점,"강원도 춘천시 퇴계농공로 22,",37.84903,127.7438527
인천,가정역점,인천광역시 서구 봉오재3로 90(가정동),,
경기,수원정자점,경기도 수원시 장안구 대평로,37.3003516,126.9901028
경기,광명하안점,경기도 광명시 하안로 310(하안동),37.4626936,126.8793965
인천,구월아시아드점,인천광역시 남동구 선수촌공원로 25(구월동),,
서울,은행사거리점,"서울특별시 노원구 한글비석로 270,",37.6378219,127.0715793
경기,김포초당마을점,경기도 김포시 김포한강2로 88(장기동),37.63973955,126.67138568983825
전북,군산지곡점,전라북도 군산시 신지길 10(지곡동),35.95896985,126.70469716305814
부산,온천장점,부산광역시 동래구 온천장로 52(온천동),,
경남,내서호계점,경상남도 창원시 마산회원구 내서읍,35.246768,128.5076326
경기,안산초지점,경기도 안산시 단원구 광덕1로,37.3076705,126.832499
경기,동탄능동점,경기도 화성시 동탄지성로 140,37.2255705,127.0481439
경기,용인역북점,경기도 용인시 처인구 명지로60번길,37.2301816,127.186715
서울,잠실레이크팰리스점,서울특별시 송파구 석촌호수로 140(삼전동),,
인천,인천청천점,인천광역시 부평구 마장로 385(산곡동),37.511995999999996,126.70314652492877
경기,미사강변점,"경기도 하남시 미사강변대로 90,",37.5772999,127.1799316
부산,당리점,부산광역시 사하구 제석로 56(당리동),,
광주,전대후문점,광주광역시 북구 우치로90번길 8(용봉동),,
경기,경기광주신현점,경기도 광주시 오포읍 신현로,37.3602259,127.1500263
서울,서초법원점,서울특별시 서초구 서초대로 271(서초동),37.4957082,127.019902
부산,괴정역점,부산광역시 사하구 사하로 184(괴정동),,
경기,파주교하점,"경기도 파주시 청석로 264,",37.7332067,126.7194411
경기,동탄카림3차점,"경기도 화성시 동탄순환대로12길 85,",37.1676823,127.1250719
경북,포항중앙점,경상북도 포항시 북구 중앙상가2길,36.03609,129.36447
경기,김포구래역점,"경기도 김포시 김포한강4로 487,",37.6382355,126.6790312
경기,수원권선중앙점,경기도 수원시 권선구 동수원로242번길,37.2507285,127.0362017
경기,오산고현점,경기도 오산시 남부대로 411-12(고현동),,
서울,연신내역점,서울특별시 은평구 통일로 855-15(갈현동),,
충남,아산용화점,충청남도 아산시 용화로 77(용화동),,
경북,구미역점,경상북도 구미시 구미중앙로13길 3(원평동),,
부산,부산허심청점,부산광역시 동래구 온천장로 125(온천동),,
전북,전주만성지구점,전라북도 전주시 덕진구 만성중앙로,35.841272,127.0759059
서울,신림프라임법학원점,서울특별시 관악구 신림로 90(신림동),,
전북,전주반월점,전라북도 전주시 덕진구 쪽구름로,35.8729631,127.0746256
대구,대구황금점,대구광역시 수성구 청수로26길 36(두산동),,
경기,미사중앙점,"경기도 하남시 미사강변중앙로 219,",37.5660348,127.1886164
서울,강동구청점,"서울특별시 강동구 성내로 11,",37.52893,127.12503
인천,경인교대입구역점,인천광역시 계양구 계양대로 156(계산동),,
충남,금산점,충청남도 금산군 금산읍 비단로,36.1095763,127.4831642
부산,명장점,부산광역시 동래구 명장로48번길 14(명장동),,
충남,당진현대제철점,충청남도 당진시 송산면 가곡로,,
경기,수원호매실점,경기도 수원시 권선구 금곡로196번길,37.2733774,126.954082
경기,수원천천점,경기도 수원시 장안구 덕영대로535번길,37.2976815,126.9828398
경기,구래신도시점,경기도 김포시 김포한강9로75번길 180두원타워,,
경기,김포장기점,경기도 김포시 김포한강1로51번길 28(장기동),,
경기,용인한숲시티점,경기도 용인시 처인구 남사면,,
서울,까치산역점,서울특별시 강서구 강서로 33(화곡동),,
경기,운정이마트점,경기도 파주시 미래로 371,37.728032,126.7517549
광주,수완점,광주광역시 광산구 장신로147번길 5-18(수완동),,
경기,상동로데오점,"경기도 부천시 상동로 79,",37.5042957,126.7525634
부산,주례보훈병원점,부산광역시 사상구 양지로 3대성아파트상가,,
경기,수지상현점,경기도 용인시 수지구 만현로,37.310401,127.0872415
인천,인천불로점,인천광역시 서구 검단로 842(불로동),37.6186274,126.6908971
서울,양천구청점,서울특별시 양천구 목동서로 389(신정동),,
경기,수원망포점,경기도 수원시 영통구 태장로,37.2390588,127.0512328
경기,배곧로얄팰리스점,"경기도 시흥시 서울대학로264번길 26-11,106호(정왕동)",,
강원,춘천명동점,강원도 춘천시 명동길 6-2(중앙로2가),,
인천,인천간석올리브점,인천광역시 남동구 석산로 156(간석동),,
경기,일산원당시장점,경기도 고양시 덕양구 호국로790번길,37.6548925,126.8379524
인천,인천함박마을점,인천광역시 연수구 비류대로433번길 10(연수동),,
인천,인천서구청점,인천광역시 서구 탁옥로51번길 2(심곡동),,
경기,구리역점,"경기도 구리시 건원대로34번길 17,",37.6047484,127.141212
인천,인천용현점,인천광역시 미추홀구 낙섬중로 43(용현동),,
경기,김포풍무점,"경기도 김포시 풍무로146번길 18,",37.6077015,126.7265989
전남,여수무선점,전라남도 여수시 화산로 131(화장동),,
충남,당진기지시점,충청남도 당진시 송악읍 반촌로,36.896862,126.7066178
강원,강릉유천지구점,강원도 강릉시 선수촌로63번길 14-16(홍제동),37.7577802,128.8692349
제주,제주516도로점,제주특별자치도 서귀포시 516로 188(토평동),,
인천,인천연수점,인천광역시 연수구 먼우금로 190(연수동),,
강원,춘천후평점,강원도 춘천시 후석로 326(후평동),,
경기,다산부영점,경기도 남양주시 다산중앙로82번안길 115-41층,,
경기,화성향남1지구점,경기도 화성시 향남읍 발안로,37.13075,126.92681
인천,인천한림병원점,인천광역시 계양구 장제로 717(작전동),,
대전,대전목원대점,대전광역시 서구 동서대로 692(도안동),,
충남,당진읍내점,충청남도 당진시 당진중앙2로 91(읍내동),,
인천,주안북부역점,인천광역시 미추홀구 길파로 15(주안동),,
서울,천호로데오점,서울특별시 강동구 천호대로157길 23(천호동),,
광주,광주충장로점,광주광역시 동구 충장로 77-1(충장로3가),,
광주,광주비아점,광주광역시 광산구 비아로 12(비아동),35.2194127,126.8251816
경기,용인처인구청점,경기도 용인시 처인구 금령로,37.2348923,127.2023827
서울,동부이촌점,서울특별시 용산구 이촌로 248,37.5239545,126.9591581
경기,평촌학원가점,경기도 안양시 동안구 평촌대로,37.4002249,126.9509705
광주,광주동명점,광주광역시 동구 장동로 23-20(장동),,
부산,해운대중동이마트점,부산광역시 해운대구 좌동순환로 55센트럴메디타워,,
부산,가야홈플러스점,부산광역시 부산진구 가야대로498번길 28-3(가야동),,
인천,인천가좌점,인천광역시 서구 원적로 91,37.4957411,126.6831808
인천,인천송현점,인천광역시 동구 수문통로 54-1(송현동),,
세종,세종아름점,"세종특별자치시 보듬3로 92, 2동",,
광주,광주일곡점,광주광역시 북구 설죽로 506-9(일곡동),,
경북,김천점,경상북도 김천시 시청로 66(신음동),,
충북,옥천점,충청북도 옥천군 옥천읍 금장로,36.299882,127.5710097
경남,창원감계점,경상남도 창원시 의창구 북면,35.3477739,128.6070741
대전,대전전민점,대전광역시 유성구 전민로58번길 61(전민동),36.3977656,127.403232
경기,역곡북부역점,경기도 부천시 역곡로 7(역곡동),,
경기,부천중동현대점,경기도 부천시 석천로169번길 34(중동),37.5027213,126.7600548
강원,원주무실점,"강원도 원주시 능라동길 48-1,",37.3343769,127.9303926
경기,대광리역점,경기도 연천군 신서면 연신로,38.1908853,127.1104195
경기,동탄반도카림2차점,경기도 화성시 동탄광역환승로 73동탄역,,
강원,인제원통점,강원도 인제군 북면 원통로147번길,,
부산,부산진구청점,부산광역시 부산진구 시민공원로 11서면쌍용스윗닷홈SKY,,
부산,유엔평화로점,부산광역시 남구 유엔평화로 11(대연동),,
광주,광주방림점,광주광역시 남구 용대로 138(방림동),,
부산,해운대시장점,"부산광역시 해운대구 중동1로 35,",35.1628956,129.162498
경기,기흥역점,경기도 용인시 기흥구 기흥역로,,
충남,아산풍기점,충청남도 아산시 어의정로 184아산풍기이지더원아파트,,
경기,동탄한림대병원점,경기도 화성시 삼성1로 150(석우동),37.222086250000004,127.07605655568628
경기,동탄목동점,"경기도 화성시 동탄순환대로18길 16,",,
대전,대전시청역점,대전광역시 서구 둔산중로 50파이낸스빌딩,,
전남,목포북항점,전라남도 목포시 청호로 177(산정동),,
서울,동교점,서울특별시 마포구 월드컵북로6길 64(동교동),,
광주,광주월곡점,광주광역시 광산구 월곡산정로 91-1(월곡동),,
경남,양산증산역점,경상남도 양산시 물금읍 증산역로,35.3091763,129.0072513
서울,은평뉴타운점,"서울특별시 은평구 진관3로 21,",37.6390892,126.9182425
경기,수원로데오점,경기도 수원시 팔달구 매산로,37.2667177,127.0014341
경기,오산시청점,경기도 오산시 성호대로 127(오산동),,
경북,대구대학점,경상북도 경산시 진량읍 대구대로,35.9020566,128.8315763
경기,양주고읍점,"경기도 양주시 고읍남로 13,",37.7914469,127.0850404
경기,부천옥길지구점,경기도 부천시 옥길로 113(옥길동),,
경기,수내역점,경기도 성남시 분당구 황새울로258번길,37.3789021,127.1157687
광주,광주첨단점,광주광역시 광산구 첨단중앙로106번길 11(월계동),,
광주,광주양산점,광주광역시 북구 하서로 428,35.1803227,126.8808579
울산,울산중구홈플러스점,울산광역시 중구 번영로 475(복산동),,
강원,강원도양양점,강원도 양양군 양양읍 양양로,38.0767925,128.6259365
경기,동탄나루마을점,경기도 화성시 동탄솔빛로 62(반송동),,
충남,천안백석점,충청남도 천안시 서북구 한들3로,36.8297374,127.1235495
경기,평택청북점,경기도 평택시 청북읍 안청로2길,37.0172006,126.9171607
서울,목동역점,"서울특별시 양천구 오목로 232(신정동,",,
경기,범계로데오점,경기도 안양시 동안구 평촌대로223번길,37.3907435,126.953549
전남,전남장성점,전라남도 장성군 장성읍 영천로,,
경남,창원봉곡점,경상남도 창원시 성산구 창원천로,35.238591,128.6499369
광주,호남대점,광주광역시 광산구 선운로 9(선암동),,
인천,인천길병원점,인천광역시 남동구 구월남로 198(구월동),,
서울,상계역점,서울특별시 노원구 덕릉로83길 18(중계동),,
충남,천안두정중앙점,충청남도 천안시 서북구 원두정8길,36.8325298,127.1356797
인천,인천박촌역점,인천광역시 계양구 장제로 1004(박촌동),,
전북,전주삼천중앙점,전라북도 전주시 완산구 용리로,35.7970736,127.1255139
대구,대구다사점,대구광역시 달성군 다사읍 달구벌대로,35.8573484,128.4656993
경기,산본역점,"경기도 군포시 산본로323번길 4-17,",37.3600133,126.93258
부산,부산어린이대공원점,부산광역시 부산진구 성지로 159(초읍동),,
충남,천안불당파크힐점,충청남도 천안시 서북구 불당23로,36.8194404,127.1011547
대구,대구방촌점,대구광역시 동구 동촌로 242(방촌동),,
서울,화랑대역점,"서울특별시 노원구 노원로1길 9(공릉동,",,
경기,홈플러스안산선부점,경기도 안산시 단원구 삼일로,37.3363535,126.8007034
경기,파주적성점,경기도 파주시 적성면 청송로,37.954652,126.919131
경기,야탑점,경기도 성남시 분당구 야탑로69번길,37.4113461,127.1265934
광주,광주소촌점,광주광역시 광산구 소촌로 144(소촌동),,
경기,김포운양점,"경기도 김포시 김포한강11로 288-27,",37.6446909,126.6960958
경기,정자점,경기도 성남시 분당구 정자일로,37.3507854,127.1063437
충남,천안법조타운점,충청남도 천안시 동남구 청수14로,36.7865461,127.1588682
광주,광주봉선점,광주광역시 남구 봉선중앙로 28(봉선동),,
경남,진주시청점,경상남도 진주시 동진로 177(상대동),35.1796555,128.1068603
경기,광주경안점,경기도 광주시 중앙로 94(역동),,
충북,충주연수점,충청북도 충주시 갱고개로 140(연수동),,
서울,합정역점,서울특별시 마포구 양화로 46-1(합정동),,
서울,목동시장점,서울특별시 양천구 목동중앙남로11길 8(목동),,
충남,천안신방지구점,충청남도 천안시 동남구 통정11로,36.772462,127.1350159
서울,홍대L7점,"서울특별시 마포구 월드컵북로 8,",37.56921595,126.90658731761201
광주,광주송정역점,광주광역시 광산구 상무대로 207(송정동),,
광주,광주첨단쌍암점,광주광역시 광산구 첨단강변로 97(쌍암동),,
경남,통영북신점,경상남도 통영시 해미당5길 5(북신동),,
전북,전주서신점,전라북도 전주시 완산구 서신로,35.8321786,127.1157928
서울,공릉역점,서울특별시 노원구 동일로192길 30(공릉동),,
경기,광명소하점,경기도 광명시 소하로 86(소하동),,
서울,금천롯데캐슬점,"서울특별시 금천구 벚꽃로 40(독산동,",,
인천,인천나은병원점,인천광역시 서구 원적로 33(가좌동),,
전남,순천중앙점,전라남도 순천시 중앙6길 19(중앙동),,
부산,센텀비스타점,부산광역시 수영구 무학로63번길 142센텀비스타동원2차,,
서울,오목교점,서울특별시 양천구 오목로 315(목동),37.5261241,126.8645174
경기,금촌역점,경기도 파주시 중앙로 330,37.748846,126.8007905
대구,대구죽전역점,대구광역시 달서구 달구벌대로 1545골든뷰,,
경기,NC모란점,경기도 성남시 중원구 성남대로,37.4269565,127.1293491
서울,보라매타운점,서울특별시 동작구 보라매로5가길 16보라매아카데미타워,,
서울,외대앞역점,서울특별시 동대문구 휘경로 24(이문동),,
서울,미아역점,서울특별시 강북구 도봉로 201-2(미아동),,
인천,산곡고점,"인천광역시 부평구 부영로189번길 51,",37.50224,126.71613
전남,여수미평점,전라남도 여수시 만성로 69(미평동),,
인천,송도하버뷰점,인천광역시 연수구 해돋이로 168-5(송도동),,
충남,천안프라디움시티점,충청남도 천안시 서북구 공원로,36.7995094,127.1027327
경기,가평점,경기도 가평군 가평읍 가화로,37.8216902,127.5140433
경남,창원상남점,경상남도 창원시 성산구 원이대로,35.2201141,128.6919003
부산,부산차이나타운점,"부산광역시 동구 중앙대로 181,",35.1159916,129.0401131
인천,신기시장점,인천광역시 미추홀구 인하로 271(주안동),,
전북,전북혁신점,전라북도 완주군 이서면 기지로,35.8384078,127.0597043
대전,대전을지병원점,"대전광역시 서구 둔산로51번길 66,",36.3546261,127.3803876
서울,창동역점,서울특별시 도봉구 마들로11가길 13(창동),37.6531817,127.0476987
경기,구리돌다리점,경기도 구리시 검배로6번길 3(수택동),,
전남,순천조례점,전라남도 순천시 봉화2길 14(조례동),,
부산,감만점,부산광역시 남구 석포로 24(감만동),,
경기,평택동삭점,"경기도 평택시 상서재로 50,",37.0187153,127.1008856
충남,당진터미널점,"충청남도 당진시 밤절로 146,",36.9003351,126.6371348
경기,동탄KTX벨리점,경기도 화성시 동탄첨단산업1로 14동탄ktx밸리,,
경기,판교테크노밸리점,경기도 성남시 분당구 대왕판교로,37.3757272,127.1017939
경기,소사삼거리점,경기도 부천시 호현로 491-1(소사본동),,
광주,광주하남점,광주광역시 광산구 풍영철길로 15콜럼버스월드,,
경남,진주문산점,경상남도 진주시 문산읍 월아산로,35.1376138,128.1706114
경남,진해자은점,경상남도 창원시 진해구 냉천로,35.1561697,128.7172792
경북,구미비산점,경상북도 구미시 신비로 115(비산동),,
서울,중랑역점,"서울특별시 중랑구 망우로 203(중화동,",,
경기,봉담점,경기도 화성시 봉담읍 동화길,37.2194905,126.9538595
인천,부평중앙점,인천광역시 부평구 부평대로 42(부평동),,
인천,인천원당점,인천광역시 서구 고산후로95번길 18(당하동),,
경기,일산후곡점,경기도 고양시 일산서구 일산로,37.6733431,126.7776543
광주,광주첨단2지구점,광주광역시 북구 첨단연신로107번길 19(신용동),,
부산,문현점,부산광역시 남구 고동골로 42-1베스티움,,
인천,백운현대점,인천광역시 부평구 경원대로 1246(산곡동),,
충남,천안용암마을점,충청남도 천안시 서북구 월봉로,36.7973632,127.1180018
인천,청라센텀로제비앙점,"인천광역시 서구 비지니스로 166(청라동,",,
경북,포항초곡점,경상북도 포항시 북구 흥해읍,36.1126,129.35397
인천,인하대점,인천광역시 미추홀구 경인남길30번길 50(용현동),,
경북,포항문덕점,경상북도 포항시 남구 오천읍,35.93673,129.40736
대구,대구신월성점,대구광역시 달서구 조암로 29월성동이래타워,,
경기,의정부금오점,"경기도 의정부시 부용로 105,",37.7512902,127.0693767
인천,인천검암2지구점,인천광역시 서구 승학로 567(검암동),37.5667003,126.6826369
서울,시흥중앙점,서울특별시 금천구 금하로 713-1(시흥동),,
서울,북가좌점,서울특별시 서대문구 응암로 108(북가좌동),,
전북,전주삼천점,전라북도 전주시 완산구 용리로,35.7970736,127.1255139
경기,위례호반점,경기도 성남시 수정구 위례동로,37.4647513,127.1470134
광주,광주금호점,광주광역시 서구 금화로 91(금호동),35.13533655,126.87884646447725
경기,운정가람마을점,"경기도 파주시 미래로 622,",37.7327069,126.7509506
광주,광주평동점,광주광역시 광산구 평동로 814(옥동),35.12532,126.7585435
경남,거제계룡점,경상남도 거제시 동문천로 61(고현동),,
인천,송도파크자이점,인천광역시 연수구 앵고개로 104번길,,
경기,부천중동시장점,"경기도 부천시 부흥로 197,",37.485618,126.7912083
충남,서산호수공원점,충청남도 서산시 호수공원3로 56(예천동),,
인천,인천차이나타운점,인천광역시 중구 차이나타운로 25(북성동3가),,
인천,영종하늘도시점,"인천광역시 중구 하늘중앙로195번길 14,",37.489479,126.5608746
경기,파주야당역점,경기도 파주시 경의로 1090,37.7137725,126.7593734
전남,목포남악점,전라남도 무안군 삼향읍 남악2로74번길,,
부산,광안자이점,부산광역시 수영구 호암로29번길 63(광안동),,
경기,소새울역점,경기도 부천시 소사로 130(소사본동),,
인천,용현SK점,인천광역시 미추홀구 독배로317번길 23-1(용현동),,
경기,오산세교점,경기도 오산시 수청로 197(금암동),,
경기,군포당동점,경기도 군포시 군포로456번길 13(당동),,
서울,개봉북부역점,"서울특별시 구로구 경인로40길 25(개봉동,",,
인천,부평남부역점,인천광역시 부평구 육동로 20(부평동),,
경기,고양관산점,경기도 고양시 덕양구 통일로780번길,37.6889851,126.8641724
전남,여수여서점,전라남도 여수시 여서로 168-1(여서동),,
서울,동양미래대학점,서울특별시 구로구 경인로47길 26(고척동),,
서울,홍제역점,서울특별시 서대문구 세무서길 6(홍제동),,
서울,방화역점,"서울특별시 강서구 금낭화로 146,",37.5688658,126.8116908
경기,주엽역점,경기도 고양시 일산서구 주화로,37.6734637,126.7511031
충북,청주오송점,충청북도 청주시 흥덕구 오송읍,36.6091807,127.3245567
경기,파주당동점,경기도 파주시 문산읍 당동1로,37.8624398,126.7738693
광주,광주효천2지구점,광주광역시 남구 효우2로 34(행암동),,
경남,양산범어점,경상남도 양산시 물금읍 범구로,35.3263679,129.0150606
전북,전주효자휴먼시아점,전라북도 전주시 완산구 호암로,,
서울,석계역점,서울특별시 노원구 화랑로 337(월계동),,
서울,노원중앙점,서울특별시 노원구 노해로 509(상계동),,
서울,동대문점,서울특별시 중구 장충단로13길 13(을지로6가),,
전북,전주에코시티점,전라북도 전주시 덕진구 세병로,35.8748353,127.1275891
경기,회룡역점,경기도 의정부시 외미로 95(호원동),,
경기,양평물맑은시장점,경기도 양평군 양평읍 양평시장길7번길,,
전남,순천금당점,전라남도 순천시 해룡면 장선배기길,,
부산,수영구청점,부산광역시 수영구 광남로48번길 5(남천동),,
인천,부평미래타운점,"인천광역시 부평구 영성서로 37,",37.5193534,126.7419682
세종,세종다정점,"세종특별자치시 다정중앙로 52, 101호(다정동)",,
경기,의왕포일점,경기도 의왕시 안양판교로 99(포일동),,
경기,금촌로터리점,경기도 파주시 번영로 1,37.7577277,126.7665741
경기,다산중앙점,"경기도 남양주시 다산중앙로 105-14,",37.6225564,127.1524131
서울,중곡역점,서울특별시 광진구 능동로 403-1(중곡동),,
경기,정자엠코점,경기도 성남시 분당구 정자일로,37.3507854,127.1063437
경기,시흥능곡역점,"경기도 시흥시 장현능곡로 184,",37.3709458,126.8040486
광주,광주유촌점,"광주광역시 서구 상무버들로 24(유촌동,유촌동명성빌딩)",,
부산,주례삼선병원점,부산광역시 사상구 가야대로318번길 14(주례동),,
경기,동탄산척점,경기도 화성시 동탄순환대로 263(산척동),,
충북,청주테크노폴리스점,충청북도 청주시 흥덕구 송화로,36.6622459,127.4434445
서울,등촌성당점,"서울특별시 강서구 공항대로41길 43,",37.5599215,126.84558109628469
경기,청평점,경기도 가평군 청평면 청평중앙로,37.7398903,127.4220519
서울,대치학원가점,"서울특별시 강남구 도곡로77길 6,",37.49876605,127.05875525774368
경기,남양주2청사점,경기도 남양주시 다산지금로16번길 43(다산동),,
인천,구월정각초점,인천광역시 남동구 용천로 82(구월동),,
광주,광주진월점,광주광역시 남구 금당로 2,35.1249751,126.8952416
광주,광주풍암점,광주광역시 서구 회재로 1054,35.1211443,126.8601027
부산,동래롯데점,부산광역시 동래구 동래로 11(온천동),,
경기,일산중산마을점,경기도 고양시 일산동구 중산로,37.694547,126.780764
서울,목동파리공원점,서울특별시 양천구 목동서로 65목동가든스위트,,
인천,인천한화에코점,인천광역시 남동구 에코중앙로156번길 5-27(논현동),,
경기,부천남부역점,경기도 부천시 경인로 222(심곡본동),,
인천,인천시민공원역점,인천광역시 미추홀구 경인로 363-1(주안동),,
인천,인천연희점,인천광역시 서구 승학로 319(연희동),,
경북,구미송정점,경상북도 구미시 송정대로 90(송정동),,
광주,광주쌍촌점,광주광역시 서구 내방로 247상무,,
광주,광주농성점,광주광역시 서구 죽봉대로 42-1(농성동),,
경남,진주정촌점,경상남도 진주시 정촌면 삼일로72번길,35.1260956,128.0989588
전북,전주서곡점,전라북도 전주시 완산구 세내로,35.7977708,127.108391
충남,천안성성레이크타운점,충청남도 천안시 서북구 성성8로,36.842077,127.1284754
서울,회기역점,서울특별시 동대문구 회기로 194(휘경동),,
경기,의정부로데오점,경기도 의정부시 행복로 19(의정부동),,
인천,계산도두리점,인천광역시 계양구 도두리로 58(작전동),,
충북,천안쌍용점,충청남도 천안시 서북구 봉서5길,36.8083711,127.1321673
서울,길음뉴타운점,서울특별시 성북구 길음로 33길음뉴타운,,
인천,부평금호점,인천광역시 부평구 원길로 17(청천동),,
인천,부평신트리점,인천광역시 부평구 길주남로 33(부평동),,
경남,남양점,경상남도 창원시 성산구 가양로,35.2096219,128.7078699
전북,전북도청점,전라북도 전주시 완산구 홍산남로,35.8162642,127.1036762
경기,대화역점,경기도 고양시 일산서구 중앙로,37.6723341,126.7560085
경기,남양주양지점,경기도 남양주시 오남읍 진건오남로,37.6788568,127.2072445
인천,인천만수향촌점,인천광역시 남동구 만수서로 62(만수동),,
세종,세종보람점,"세종특별자치시 한누리대로 2135, 108호(보람동)",,
전북,전주평화점,전라북도 전주시 완산구 모악로,35.7897662,127.1311869
경기,동탄퍼스트코리아점,경기도 화성시 동탄첨단산업1로 58(영천동),,
충북,청주성안길점,충청북도 청주시 상당구 성안로,36.6366048,127.4889944
인천,인천서구경서점,"인천광역시 서구 도요지로 25,",37.5580998,126.6644781
경남,하동점,경상남도 하동군 하동읍 경서대로,35.0647871,127.7472021
전남,여수여천점,전라남도 여수시 쌍봉로 36-1(학동),,
제주,성산일출봉점,제주특별자치도 서귀포시 성산읍 일출로,,
경기,병점역점,"경기도 화성시 떡전골로 96-4,",,
경기,동탄더퍼스트타워점,경기도 화성시 동탄대로21길 10(영천동),,
인천,제물포남부역점,인천광역시 미추홀구 수봉로 7,37.4585584,126.6673229
충남,내포중앙점,충청남도 홍성군 홍북읍 청사로174번길,36.659897,126.6798594
인천,소래포구역점,인천광역시 남동구 소래역로 36(논현동),,
경기,백석역점,경기도 고양시 일산동구 일산로,37.6501874,126.7924286
제주,서귀포효돈점,"제주특별자치도 서귀포시 일주동로 8088,",33.3068502,126.7755693
광주,광주치평점,광주광역시 서구 상무평화로 89(치평동),35.14932795,126.84105825
부산,하단오거리점,부산광역시 사하구 낙동대로 478(하단동),,
강원,원주중앙점,강원도 원주시 원일로 113-1(일산동),,
경기,부천오정점,"경기도 부천시 오정로 249,",37.5297203,126.7860598
인천,인천성민병원점,"인천광역시 서구 신석로 82(석남동,",,
경기,다산지금지구점,경기도 남양주시 다산지금로 136(다산동),,
인천,인천옥련점,인천광역시 연수구 독배로 49(옥련동),,
인천,동암북부역점,인천광역시 부평구 동암광장로 18(십정동),,
경기,별내로데오점,경기도 남양주시 별내중앙로 59(별내동),,
서울,신방화역점,"서울특별시 강서구 마곡중앙5로 87,",37.5674795,126.8174008
전남,목포하당점,전라남도 목포시 비파로43번길 30(상동),,
부산,용호점,"부산광역시 남구 용호로 138,",35.1283011,129.1107978376975
경기,미금역점,경기도 성남시 분당구 돌마로,37.4068966,127.1420851
서울,오류남부점,서울특별시 구로구 오류로8길 20(오류동),,
대구,지산범물점,대구광역시 수성구 용학로 214(지산동),,
경기,남양주청학점,경기도 남양주시 별내면 청학로중앙길,37.7093589,127.1145528
서울,쌍문세라믹점,서울특별시 도봉구 도당로 14(쌍문동),,
경기,남양주평내점,경기도 남양주시 경춘로1256번길 9(평내동),,
경기,철산로데오점,"경기도 광명시 오리로856번길 8,",37.47488155,126.86774730580007
충남,부여터미널점,충청남도 부여군 부여읍 사비로,36.2740955,126.9105195
광주,광주용봉점,광주광역시 북구 비엔날레로 93(용봉동),,
부산,당감점,부산광역시 부산진구 동평로 92(당감동),,
인천,인천작전점,"인천광역시 계양구 계양대로 44,",37.5345049,126.722571
경기,용인흥덕점,경기도 용인시 기흥구 흥덕2로87번길,37.2753673,127.0726245
서울,암사역점,서울특별시 강동구 올림픽로 783(암사동),,
강원,인제신남점,강원도 인제군 남면 신남로,37.9786153,128.0919255
경기,용인둔전점,경기도 용인시 처인구 포곡읍,37.2778094,127.2308608
경기,풍무당곡고개점,"경기도 김포시 풍무로 62,",37.6066215,126.7225699
대구,대구동호점,대구광역시 동구 동호로 77,35.8655625,128.7234668
서울,구산사거리점,서울특별시 은평구 서오릉로 201(구산동),37.6137269,126.9110982
경북,상주경북대점,경상북도 상주시 경상대로 2560-7(가장동),,
광주,광주수완임방울점,광주광역시 광산구 임방울대로 215(신가동),,
부산,더블유점,부산광역시 남구 분포로 145W스퀘어,,
서울,마곡중앙점,"서울특별시 강서구 마곡동로 62,",37.5583197,126.8331408
경기,일산풍동점,경기도 고양시 일산동구 숲속마을1로,37.6665011,126.8003942
서울,건대학생회관점,서울특별시 광진구 능동로 120,37.54184695,127.07711486219412
서울,신용산역점,서울특별시 용산구 한강대로 130-3(한강로2가),,
강원,원주터미널점,"강원도 원주시 북원로 2235-4,",37.4513672,127.9787824
서울,미아롯데점,서울특별시 강북구 도봉로10길 38(미아동),,
서울,먹골역점,"서울특별시 중랑구 동일로 932(묵동,묵동자이아파트)",,
경기,봉담원희캐슬점,경기도 화성시 봉담읍 동화길,37.2194905,126.9538595
인천,송도글로벌캠퍼스점,인천광역시 연수구 송도문화로28번길 28송도글로벌캠퍼스푸르지오,,
경기,덕소삼거리점,경기도 남양주시 와부읍 덕소로,37.5873698,127.2090858
인천,인천예술회관역점,인천광역시 남동구 예술로192번길 31(구월동),,
전북,원광대점,전라북도 익산시 무왕로4길 18(신동),,
경기,화정역점,경기도 고양시 덕양구 화중로104번길,37.6362715,126.8329386
경기,일산문화광장점,경기도 고양시 일산동구 중앙로1275번길,37.660827,126.7713747
경기,일산백마마을점,경기도 고양시 일산동구 일산로,37.6501874,126.7924286
경기,수원금곡점,경기도 수원시 권선구 금곡로102번길,37.2687258,126.9428726
광주,광주신창점,광주광역시 광산구 신창로 80(신창동),,
부산,연산파크시티점,부산광역시 연제구 신금로 25노블레스스퀘어,,
광주,광주효천1지구점,광주광역시 남구 효천2로가길 20중흥,,
경기,퇴계원점,경기도 남양주시 퇴계원읍 퇴계원로,37.66456,127.15032
경기,옥길중앙점,경기도 부천시 범안로219번길 19부천옥길자이,,
서울,발산중앙점,서울특별시 강서구 우장산로2길 49(내발산동),,
경기,양주신산점,경기도 양주시 남면 개나리길,37.8933671,126.9734435
전북,익산영등제일점,"전라북도 익산시 고봉로30길 11,",35.9554689,126.9770234
충남,천안남서울대점,충청남도 천안시 서북구 성환읍,36.9158842,127.1251269
인천,호구포역점,인천광역시 남동구 논현로26번길 15(논현동),,
서울,신정네거리역점,서울특별시 양천구 중앙로 265(신정동),,
서울,명지대점,서울특별시 서대문구 증가로 150DMC센트럴아이파크,,
경기,용인언남점,경기도 용인시 기흥구 구성로,37.2914742,127.1311812
강원,강릉중앙점,강원도 강릉시 신대학길 24(금학동),,
경기,오산로데오점,경기도 오산시 오산로212번길 5(원동),,
경기,부천소사본점,"경기도 부천시 소사동로 82,",37.4711383,126.8014474
인천,인천화전초교점,인천광역시 계양구 효서로 305(작전동),,
충남,서산테크노밸리점,충청남도 서산시 성연면 성연3로,36.8315213,126.4464682
광주,광주518공원점,광주광역시 서구 상무민주로 99-1오양빌딩,,
경기,가평설악점,경기도 가평군 설악면 신천중앙로,37.6764139,127.49378585179261
인천,인천만월초점,인천광역시 남동구 인하로 616(구월동),,
경기,김포감정점,경기도 김포시 중봉1로 9(감정동),,
대전,대전관저점,대전광역시 서구 구봉로131번길 20라임빌딩,,
인천,부평구청역점,"인천광역시 부평구 부평대로 152,",37.5238264,126.7221394
경기,모란역점,경기도 성남시 중원구 광명로,37.4334595,127.1323932
광주,광주오치점,광주광역시 북구 설죽로 334(오치동),,
경기,시흥은계중앙점,"경기도 시흥시 은계번영길 7,",,
전남,화순광덕점,전라남도 화순군 화순읍 광덕로,35.051441,126.9924271
전남,순천왕조점,전라남도 순천시 조례못등길 18(조례동),,
경남,김해장유점,경상남도 김해시 번화1로80번길 15다성빌딩,,
경기,시화로데오점,경기도 시흥시 중심상가2길 22(정왕동),,
경기,중동역북부점,"경기도 부천시 중동로 100,",37.5105076,126.7697456
경북,경산하양점,경상북도 경산시 하양읍 하양로,35.91423,128.81966
경기,동탄호수공원점,"경기도 화성시 동탄순환대로 127-17,",37.1871149,127.1238032
인천,동암남부역점,"인천광역시 부평구 동암남로 4,",37.4707221,126.7058126
경기,행신햇빛마을점,경기도 고양시 덕양구 중앙로,37.637435,126.7953716
경기,화성남양점,경기도 화성시 남양읍 남양성지로,37.2144872,126.8291886
경기,운정해솔마을점,경기도 파주시 와석순환로 425(와동동),,
광주,광주양산택지로점,광주광역시 북구 양산택지로51번길 2(양산동),,
부산,부산낙민점,부산광역시 동래구 온천천로339번길 51동래꿈에그린아파트,,
충남,천안불당지웰점,충청남도 천안시 서북구 불당26로,36.8227906,127.1081895
제주,제주이도점,제주특별자치도 제주시 중앙로 293(이도이동),,
경기,삼송신원마을점,경기도 고양시 덕양구 권율대로,37.6201542,126.8525934
인천,인천좋은병원점,인천광역시 서구 청라에메랄드로 84(청라동),37.532126,126.6568263
경기,평택이충점,경기도 평택시 이충로35번길 26(이충동),,
경기,평택동문점,"경기도 평택시 신촌2로 22,",37.0260665,127.10407841804597
서울,교대역점,서울특별시 서초구 서초중앙로 107(서초동),,
서울,낙성대역점,서울특별시 관악구 남부순환로 1913(봉천동),,
서울,문래에이스하이테크점,서울특별시 영등포구 경인로 775에이스하이테크시티,,
인천,인천삼산사거리점,인천광역시 부평구 평천로 400(삼산동),,
경기,광교역점,경기도 수원시 영통구 대학로,37.3041221,127.0474565
서울,답십리로데오점,서울특별시 성동구 용답중앙15길 12(용답동),,
경기,김포고촌점,경기도 김포시 고촌읍 장차로,37.6039943,126.7708125
서울,대치역점,"서울특별시 강남구 삼성로 155,",37.4937812,127.06292544229905
인천,제물포북부역점,인천광역시 미추홀구 석정로92번길 175(도화동),,
광주,광주운암벽산점,광주광역시 북구 서강로54번길 50,35.174201,126.87631466103875
광주,광주운남영천점,광주광역시 광산구 사암로340번길 39(월곡동),,
부산,구포시장점,"부산광역시 북구 백양대로 1189,",35.1969736,128.9950877
경기,광주태전점,경기도 광주시 고불로 51(장지동),,
경기,수원구운점,경기도 수원시 권선구 구운중로4번길,37.275937,126.9739088
인천,인천장기점,인천광역시 계양구 장기로 32(장기동),,
경기,위례우남역점,경기도 성남시 수정구 위례서일로,37.4652442,127.1384454
서울,양천향교역점,서울특별시 강서구 강서로 471(마곡동),,
경기,행신역점,경기도 고양시 덕양구 충장로,37.6319067,126.8369775
전북,전주송천점,전라북도 전주시 덕진구 솔내로,35.8666983,127.1271639
광주,광주흑석점,광주광역시 광산구 풍영로 93(흑석동),,
경남,창원도계점,경상남도 창원시 의창구 도계로,35.2512625,128.6400815
서울,역말사거리점,서울특별시 은평구 역말로 49,37.61209,126.92292
경기,탄현큰마을점,경기도 고양시 일산서구 일현로,37.6982478,126.7657712
경기,양수리점,경기도 양평군 양서면 양수로,,
인천,송도캠퍼스타운역점,"인천광역시 연수구 송도과학로27번길 55(송도동,",,
인천,석남점,인천광역시 서구 길주로 91(석남동),,
대전,대전관평점,대전광역시 유성구 테크노4로 119리치스카이타워,,
제주,제주도청점,제주특별자치도 제주시 신대로7길 3(연동),,
부산,해운대해변점,부산광역시 해운대구 구남로 45(중동),,
광주,광주신창휴튼점,광주광역시 광산구 신창로131번길 10신창1차남양휴튼,,
광주,광주동천점,광주광역시 서구 유림로98번길 41(동천동),35.1709192,126.86464264849293
경기,미사로데오점,경기도 하남시 미사강변한강로 270-1(망월동),,
경기,서판교점,경기도 성남시 분당구 운중로,37.39133,127.0647511
경기,의왕오전점,경기도 의왕시 모락로 28(오전동),,
경기,오산원동점,경기도 오산시 경기대로 154(원동),,
경기,수원율현점,경기도 수원시 팔달구 일월로22번길,37.2863809,126.9843893
경기,원흥역점,경기도 고양시 덕양구 삼송로,37.6505377,126.8838609
제주,제주외도점,제주특별자치도 제주시 우정로 50더펠리스2차,,
경기,평촌샛별점,경기도 안양시 동안구 달안로,37.3991859,126.9598923
경기,목감중앙점,"경기도 시흥시 목감우회로 45,",37.3808733,126.856937
서울,고덕역점,서울특별시 강동구 동남로75길 13-15(명일동),,
경기,시흥월곶점,"경기도 시흥시 월곶중앙로 64,",37.3885494,126.7392138
인천,인천도림점,인천광역시 남동구 논고개로 331(도림동),,
인천,영종하늘달빛점,인천광역시 중구 하늘달빛로 88(중산동),,
경기,의정부발곡점,"경기도 의정부시 회룡로 178,",37.72626,127.05036
인천,간석벽산점,인천광역시 남동구 호구포로 899(간석동),,
광주,광주문흥점,광주광역시 북구 서하로 374(문흥동),,
울산,울산송정점,울산광역시 북구 박상진3로 55금강펜테리움2차,,
부산,부산시청점,부산광역시 연제구 거제시장로14번길 28거제시장,,
대전,대전유성구청점,"대전광역시 유성구 어은로48번길 12,",36.3628991,127.3576698
서울,금호역점,서울특별시 성동구 장터길 30(금호동4가),,
경기,동백역점,경기도 용인시 기흥구 동백중앙로,37.2713653,127.1526133
서울,수유점,서울특별시 강북구 도봉로 379(수유동),,
경기,수원원천점,경기도 수원시 영통구 매영로,37.2686473,127.0492024
경기,광교센트럴점,경기도 수원시 영통구 센트럴타운로,37.2887763,127.0570725
경기,양주덕정점,경기도 양주시 회정로 134(덕정동),,
서울,천호역점,"서울특별시 강동구 천호대로 997,",37.5416513,127.1167334
경기,이마트킨텍스점,경기도 고양시 일산서구 킨텍스로,37.6670225,126.7495069
광주,광주화정현대점,광주광역시 서구 화운로 24유니버시아드,,
부산,안락SK점,부산광역시 동래구 충렬대로459번길 33(안락동),,
인천,월미도점,인천광역시 중구 월미로234번길 12(북성동1가),,
서울,은평대림시장점,서울특별시 은평구 응암로 174(응암동),,
경기,성남도촌점,경기도 성남시 중원구 도촌남로,37.4153274,127.1478844
충남,충남홍성점,충청남도 홍성군 홍성읍 아문길29번길,36.6013365,126.6642776
서울,경복궁역점,서울특별시 종로구 자하문로 11-1(체부동),,
세종,조치원역점,세종특별자치시 조치원읍 조치원로 6-1(원리),,
경기,테평역점,경기도 성남시 수정구 수정로,37.4395547,127.1232748
충북,청주율량점,충청북도 청주시 청원구 주성로279번길,36.6712329,127.4973822
경기,배곧한라비발디점,경기도 시흥시 배곧1로 27-16한라비발디캠퍼스2차,,
인천,인천용현유원점,인천광역시 미추홀구 낙섬중로91번길 4-23(용현동),,
충북,충주호암점,충청북도 충주시 호암토성2로 3(호암동),,
광주,광주수완아울렛점,광주광역시 광산구 풍영로200번길 75(장덕동),,
경기,안양덕천래미안점,경기도 안양시 만안구 태평로60번길,37.3961909,126.9302676
서울,길동역점,서울특별시 강동구 양재대로 1465(길동),37.5383683,127.1402049
서울,영등포역남부점,서울특별시 영등포구 영신로19길 26-1(영등포동),,
서울,삼양점,서울특별시 강북구 솔샘로 213-2(미아동),,
인천,인천동양점,인천광역시 계양구 동양로 117(동양동),,
서울,구로구청점,서울특별시 구로구 가마산로 268(구로동),,
경기,의정부민락KT점,경기도 의정부시 용현로 154(민락동),,
인천,간석역점,인천광역시 남동구 석산로 15(간석동),,
광주,광주수완성덕점,광주광역시 광산구 풍영로 271(장덕동),,
경기,부천북교사거리점,경기도 부천시 조종로 3(원미동),,
경기,마두역점,경기도 고양시 일산동구 장백로,37.6397537,126.790701
인천,신포점,인천광역시 중구 개항로 29-2(내동),,
강원,춘천온의점,강원도 춘천시 춘천로17번길 21(온의동),,
제주,제주동문시장점,제주특별자치도 제주시 관덕로 65(일도일동),,
인천,간석시장점,인천광역시 남동구 백범로 312-60(간석동),,
제주,제주한라대점,제주특별자치도 제주시 한라대학로 82(노형동),,
충남,아산테크노밸리점,충청남도 아산시 둔포면 아산밸리중앙로,36.9234831,127.0567624
서울,방학역점,서울특별시 도봉구 도봉로150길 40(방학동),,
인천,송도SK뷰점,"인천광역시 연수구 랜드마크로 19(송도동,",,
부산,기장시장점,부산광역시 기장군 기장읍 차성동로,35.2420892,129.2165955
울산,울산명촌점,울산광역시 북구 명촌로 81(명촌동),,
서울,시흥사거리점,서울특별시 금천구 시흥대로 227(시흥동),,
대구,대구성서점,대구광역시 달서구 성서로 420성서메가타운,,
경기,수원대점,경기도 화성시 봉담읍 와우로,37.2156235,126.9693028
경기,한대앞역점,경기도 안산시 상록구 중보로,37.3067957,126.8513948
서울,염창역점,서울특별시 강서구 공항대로 629(염창동),37.547251149999994,126.87405447433358
서울,월곡역점,서울특별시 성북구 화랑로13길 7(하월곡동),,
강원,강릉교동택지점,강원도 강릉시 솔올로5번길 55(교동),37.763936,128.8775547
경기,배곧고점,"경기도 시흥시 배곧4로 87,",37.374449350000006,126.73356410851628
경기,남양주사능점,경기도 남양주시 진건읍 진건오남로,37.6541873,127.1791365
서울,상봉역점,서울특별시 중랑구 망우로 304-1(상봉동),,
경기,정왕역점,경기도 시흥시 마유로418번길 10(정왕동),,
경기,평택비전점,"경기도 평택시 비전2로 192,",37.0011211,127.1120253
경기,평택안중점,경기도 평택시 안중읍 안현로서6길,36.9846338,126.9229233
경기,김포전원마을점,"경기도 김포시 김포한강11로 133,",37.6446909,126.6960958
서울,신대방삼거리역점,"서울특별시 동작구 보라매로 113,",37.4992146,126.9281665
인천,송도학원가점,인천광역시 연수구 신송로 160(송도동),,
광주,광주매곡점,광주광역시 북구 설죽로315번길 42(매곡동),,
강원,인제현리점,강원도 인제군 기린면 내린천로,37.9714727,128.3059187
강원,춘천한숲시티점,"강원도 춘천시 안마산로 115,",37.8557224,127.7247794
경기,수원능실마을점,경기도 수원시 권선구 호매실로104번길,37.2598842,126.9624535
경기,양주백석점,경기도 양주시 백석읍 양주산성로,37.7929708,126.9685314
세종,세종도담점,세종특별자치시 보듬4로 9도램마을11단지 55호-56호(도담동),,
서울,상계보람점,서울특별시 노원구 한글비석로 464(상계동),,
경기,파주한빛마을점,경기도 파주시 와석순환로 72,37.7094853,126.7541226
서울,신곡시장점,서울특별시 양천구 신월로 175(신월동),,
부산,초량점,부산광역시 동구 초량중로 94(초량동),,
부산,만덕점,부산광역시 북구 만덕1로 13(만덕동),,
대전,대전가수원점,대전광역시 서구 도안동로11번길 45KD,,
울산,울산성남점,울산광역시 중구 만남의거리 26(성남동),,
경기,오리역점,경기도 성남시 분당구 성남대로,37.3885184,127.1279996
인천,석바위시장점,인천광역시 미추홀구 경원대로 855(주안동),,
경기,용인백현마을점,경기도 용인시 기흥구 동백7로,37.282445,127.1583908
경기,광교법원점,경기도 수원시 영통구 법조로149번길,37.2922578,127.0696507
경기,원시역점,경기도 안산시 단원구 별망로,37.3102686,126.7522241
서울,천왕이펜하우스점,서울특별시 구로구 천왕로 29천왕이펜하우스,,
경북,경북문경점,경상북도 문경시 상신로 3(점촌동),,
광주,광주용산점,"광주광역시 동구 용산2로 3,",35.1181843,126.9232882
광주,광주상무중앙점,"광주광역시 서구 상무중앙로 57(치평동,",,
경기,용인신봉마을점,경기도 용인시 수지구 신봉2로,37.3298497,127.0709495
경기,이천하이닉스점,경기도 이천시 부발읍 경충대로2092번길,37.2531061,127.4927178
경기,아주대삼거리점,경기도 수원시 영통구 중부대로,37.2676173,127.0728663
서울,신촌점,서울특별시 서대문구 연세로5가길 8-6(창천동),,
서울,개봉점,서울특별시 구로구 개봉로 70(개봉동),,
충북,서원대점,충청북도 청주시 서원구 서원남로,36.6222994,127.4825485
경기,동탄서연점,"경기도 화성시 동탄대로4길 39,",,
세종,세종소담점,"세종특별자치시 소담1로 12, 109호(소담동)",,
부산,광안역점,부산광역시 수영구 광안로45번길 2광안비취빌리지,,
서울,광운대역점,서울특별시 노원구 석계로 103(월계동),,
서울,목동사거리점,"서울특별시 강서구 곰달래로 272,",37.5301626,126.8401946
경기,여주중앙점,경기도 여주시 세종로 18(홍문동),,
인천,영종삼성홈큐브점,"인천광역시 중구 영종대로162번길 26,",37.4920248,126.4956235
제주,제주삼화지구점,제주특별자치도 제주시 건주로 33(도련일동),,
서울,성수역점,서울특별시 성동구 아차산로 113(성수동2가),,
경기,김포호수초점,"경기도 김포시 김포한강4로420번길 88,",37.65062375,126.63311308223737
경기,다산KB골든타워점,"경기도 남양주시 다산순환로 350,",37.6308373,127.1500539
경기,곤지암터미널점,경기도 광주시 곤지암읍 곤지암로,37.350657,127.336701
제주,제주대점,제주특별자치도 제주시 제주대학로 107(아라이동),,
전남,목포용해점,전라남도 목포시 연산백련로 14(연산동),,
충북,충북오창점,충청북도 청주시 청원구 오창읍,36.74238405,127.45450231417072
서울,쌍문점,서울특별시 도봉구 도봉로 457(쌍문동),,
부산,화명역점,부산광역시 북구 금곡대로 287삼환골든뷰,,
전남,여수죽림점,전라남도 여수시 소라면 죽림로,34.7630802,127.639811
경기,광교중앙점,경기도 수원시 영통구 에듀타운로,37.2863744,127.0505197
경기,구리장자호수점,경기도 구리시 장자대로 82(수택동),,
경기,수진역점,경기도 성남시 중원구 광명로,37.4334595,127.1323932
경기,의왕내손점,경기도 의왕시 포일로 43(내손동),,
대전,대전탄방점,대전광역시 서구 문정로 77로데오타운,,
경북,경주황성점,경상북도 경주시 황성로 15(황성동),,
경기,장안구청점,경기도 수원시 장안구 송원로,37.3040063,127.0117348
경남,유니시티점,경상남도 창원시 의창구 중동로,35.2552991,128.6289092
부산,안락점,부산광역시 동래구 안락로 136-2(안락동),,
전남,무안오룡점,전라남도 무안군 삼향읍 남악5로46번길,,
경기,부천테크노파크점,경기도 부천시 삼작로 22(삼정동),,
인천,갈산역점,인천광역시 부평구 부평대로 283(청천동),,
경기,안산수암점,경기도 안산시 상록구 수인로,37.3386049,126.8635917
전북,전북고창점,전라북도 고창군 고창읍 중앙로,35.43568,126.6845449
경기,안산원곡점,경기도 안산시 단원구 원선1로,37.3238443,126.8011241
인천,부평일신점,인천광역시 부평구 일신로14번길 24(일신동),,
경기,병점중앙점,경기도 화성시 병점2로 22(병점동),,
경남,장유코아점,"경상남도 김해시 장유로 232,",35.2094008,128.8035561
광주,광주연제점,"광주광역시 북구 양일로 66,",35.1978307,126.8648367
서울,한티역점,"서울특별시 강남구 도곡로 405,",37.49377735,127.04850715502104
서울,신월사거리점,서울특별시 양천구 남부순환로40길 3(신월동),,
인천,인천귤현점,인천광역시 계양구 양지로 133(귤현동),,
인천,학산사거리점,인천광역시 미추홀구 한나루로 364(학익동),,
서울,서일대점,서울특별시 중랑구 용마산로 408(면목동),37.571,127.08626
서울,암사점,서울특별시 강동구 고덕로 95(암사동),,
인천,지식정보단지역점,인천광역시 연수구 인천타워대로54번길 9에몬스프라자,,
경기,일산탄현점,경기도 고양시 일산서구 일현로,37.6982478,126.7657712
경기,호매실신미주점,경기도 수원시 권선구 금호로,37.2730053,126.9618857
제주,제주일도점,제주특별자치도 제주시 고마로 99(일도이동),,
충북,충북금왕점,충청북도 음성군 금왕읍 무극로,36.9919163,127.5857413
서울,아차산역점,서울특별시 광진구 자양로43길 47(중곡동),,
경기,역곡남부역점,"경기도 부천시 경인로 519,",37.485087750000005,126.81276414999999
경기,송산그린시티점,경기도 화성시 꽃내음1길 25(새솔동),,
서울,사가정역점,서울특별시 중랑구 면목로 316(면목동),,
경기,민락코스트코점,경기도 의정부시 용민로 493(민락동),,
인천,완정역점,인천광역시 서구 청마로19번길 21(당하동),,
경북,영주가흥점,경상북도 영주시 대학로240번길 6-16(가흥동),,
경기,시흥신천역점,경기도 시흥시 신천로83번길 2(신천동),,
제주,제주봉개점,제주특별자치도 제주시 번영로 475(봉개동),,
서울,연희점,서울특별시 서대문구 연희로 98,37.558745,126.9268426
경남,율하메이져점,"경상남도 김해시 율하로 478,",35.1779644,128.7856973
경기,광명로데오점,"경기도 광명시 신기로17번길 11,",37.4209466,126.8836401
서울,여의도역점,서울특별시 영등포구 여의나루로 42(여의도동),,
경기,안산중앙점,경기도 안산시 단원구 예술대학로,37.3167047,126.8366807
서울,봉일시장점,서울특별시 관악구 은천로 37(봉천동),,
서울,숙대입구역점,서울특별시 용산구 한강대로 277-2(갈월동),37.5465129,126.9719601
경기,용인마북점,경기도 용인시 기흥구 마북로154번길,37.3033982,127.1242029
경기,동탄레이크꼬모점,"경기도 화성시 동탄대로 181,",37.2050125,127.0989622
경기,고양향동점,경기도 고양시 덕양구 향기로,37.6072105,126.8944507
경기,화성상리점,경기도 화성시 봉담읍 삼천병마로,37.1727568,126.9365291
서울,신창시장점,서울특별시 도봉구 덕릉로 238(창동),37.63756,127.03688
인천,부평중점,인천광역시 부평구 장제로 171(부평동),,
경기,별내북부점,경기도 남양주시 덕송2로10번길 30(별내동),,
대구,대구팔달시장역점,대구광역시 북구 팔달로 167(노원동3가),,
서울,개포동역점,서울특별시 강남구 개포로82길 13-9101-102호(개포동),,
강원,원주기업도시점,강원도 원주시 지정면 신지정로,37.3831743,127.8726139
경북,포항이동점,경상북도 포항시 남구 포스코대로,36.0182172,129.3595766
서울,가재울뉴타운점,"서울특별시 서대문구 가재울미래로 2(남가좌동,",,
서울,장안점,서울특별시 동대문구 장한로 116(장안동),,
경기,오산궐동점,"경기도 오산시 대호로 97(궐동,",,
서울,경희대점,서울특별시 동대문구 경희대로 18(회기동),,
인천,부평북부역점,인천광역시 부평구 경원대로 1366(부평동),,
경기,석수역점,경기도 안양시 만안구 경수대로,37.4060622,126.9235641
전남,나주빛가람그린로점,전라남도 나주시 그린로 196(빛가람동),,
경남,김해메가마트점,"경상남도 김해시 김해대로2492번길 20,",35.226256,128.902653
경기,호계지식산업센터점,경기도 안양시 동안구 엘에스로,37.3731953,126.9470249
인천,간석북부역점,"인천광역시 남동구 방축로 503,",37.466988,126.6919836
경기,서현역점,경기도 성남시 분당구 황새울로360번길,37.386018,127.1258141
경기,시흥함송점,"경기도 시흥시 함송로 21,",37.362693,126.7318347
서울,양천신월점,서울특별시 양천구 지양로 77(신월동),,
경기,부천여월점,"경기도 부천시 삼작로306번길 7(여월동,",,
서울,현대시장점,서울특별시 관악구 은천로 113(봉천동),,
경기,서정리역점,경기도 평택시 정암로 3(서정동),,
서울,상도해링턴플레이스점,"서울특별시 동작구 상도로 207,",37.5041896,126.9379181
경기,풍산모당공원점,경기도 고양시 일산동구 중산로,37.694547,126.780764
경기,금곡중앙점,"경기도 남양주시 금곡로 72,",37.6338343,127.205247
충북,진천터미널점,충청북도 진천군 진천읍 포석길,36.857499,127.4385927
인천,영종구읍뱃터점,"인천광역시 중구 은하수로 10,",37.500925,126.5610263
충북,청주분평점,충청북도 청주시 서원구 1순환로1107번길,36.608473,127.4895894
충북,청주산남점,충청북도 청주시 서원구 산남로,36.6110547,127.4655203
경기,녹양역점,경기도 의정부시 체육로 306-24(녹양동),,
경기,부천성곡사거리점,경기도 부천시 삼작로 385(원종동),,
경기,수내로데오점,경기도 성남시 분당구 백현로101번길,37.3763162,127.1113017
서울,노원로데오점,서울특별시 노원구 상계로3길 16(상계동),,
경기,안산일동점,경기도 안산시 상록구 안산대학로,37.3036744,126.8634779
서울,구로매봉초점,서울특별시 구로구 고척로21나길 14(개봉동),,
광주,광주동림점,광주광역시 북구 북문대로 241(동림동),35.187021,126.8666223
울산,울산온산점,울산광역시 울주군 온산읍 덕남로,35.4313722,129.3090732
부산,거제홈타운점,부산광역시 연제구 아시아드대로 92(거제동),,
부산,부산아시아드선수촌점,"부산광역시 해운대구 선수촌로 80,",35.2152908,129.1247592
부산,부산서면3호점,부산광역시 부산진구 새싹로 5(부전동),,
전남,광양마동점,전라남도 광양시 사동로 187-1(마동),,
경남,거제상동점,"경상남도 거제시 상동5길 117-40,",34.8606866,128.6332814
서울,청량리역점,서울특별시 동대문구 왕산로 225(청량리동),,
인천,송도트리플스트리트점,인천광역시 연수구 송도과학로16번길 33-1A동,,
경기,옥정제이드웰점,경기도 양주시 옥정동로4길 3(옥정동),,
충북,청주가경점,충청북도 청주시 흥덕구 가경로,36.6193814,127.4423722
경기,가능역점,경기도 의정부시 평화로 632(의정부동),,
서울,가락시장역점,서울특별시 송파구 중대로9길 21(가락동),,
경기,상록수역점,경기도 안산시 상록구 용신로,37.3034293,126.8471867
경기,일산대화마을점,경기도 고양시 일산서구 대화로,37.6850972,126.747249
광주,광주신가점,광주광역시 광산구 신창로 1(신가동),,
경남,주촌센텀위브점,경상남도 김해시 주촌면 천곡로,35.2293172,128.8392215
경기,파주법원사거리점,경기도 파주시 법원읍 술이홀로,37.8468735,126.8676654
경기,안산라프리모점,경기도 안산시 단원구 선부광장1로,37.3363102,126.8119593
경기,시흥장곡점,경기도 시흥시 진말로9번길 12(장곡동),,
전남,목포평화광장점,전라남도 목포시 원형로 48(상동),,
경기,안산선부점,경기도 안산시 단원구 선부광장북로,37.3387941,126.8092631
충북,청주지웰시티점,충청북도 청주시 흥덕구 대농로,36.6421733,127.4362674
경기,수지신정마을점,경기도 용인시 수지구 정평로,37.3196404,127.0874653
경기,정발산점,경기도 고양시 일산동구 일산로,37.6501874,126.7924286
광주,광주동천빛고을점,광주광역시 서구 동천로10번길 35-4(동천동),,
경남,창원아티움시티점,경상남도 창원시 의창구 창원대로397번길,35.2353919,128.6420001
충북,청주오창2산업단지점,충청북도 청주시 청원구 오창읍,36.74238405,127.45450231417072
서울,중랑구청점,서울특별시 중랑구 신내로 82(신내동),,
경기,판교원마을점,경기도 성남시 분당구 운중로,37.39133,127.0647511
경북,구미봉곡점,경상북도 구미시 봉곡남로20길 4(봉곡동),,
인천,부평오거리점,인천광역시 부평구 경원대로 1430(부평동),,
경기,수원율전점,경기도 수원시 장안구 서부로2105번길,37.2967909,126.969329
경북,안동문화의거리점,경상북도 안동시 문화광장길 49(삼산동),,
강원,춘천팔호광장점,강원도 춘천시 효자로 154(효자동),,
부산,사직역점,부산광역시 동래구 아시아드대로 145(사직동),,
인천,인천용현시장점,인천광역시 미추홀구 독배로432번길 4(용현동),,
충남,천안나사렛대점,충청남도 천안시 서북구 월봉로,36.7973632,127.1180018
경기,안산시청점,경기도 안산시 단원구 고잔로,37.3194021,126.8304425
서울,방학도깨비시장점,서울특별시 도봉구 도당로 81(방학동),,
경기,단대오거리역점,경기도 성남시 중원구 산성대로382번길,37.4456788,127.1609423
서울,이대서울병원점,서울특별시 강서구 강서로 349(내발산동),37.556834249999994,126.83738998476841
인천,인천연안부두점,인천광역시 중구 축항대로86번길 23(항동7가),,
인천,송도역점,인천광역시 연수구 비류대로 208(옥련동),,
전남,나주대호점,전라남도 나주시 대호길 83(대호동),,
경기,김포풍무역점,"경기도 김포시 유현로 242,",37.6020496,126.7314833
경기,중동센트럴푸르지오점,"경기도 부천시 소향로 181,",37.50085,126.7767903
경기,하남신장점,경기도 하남시 신장로 139(덕풍동),37.53852655,127.20277420995703
제주,제주아라점,제주특별자치도 제주시 중앙로 564(아라일동),,
인천,인천오류왕길점,인천광역시 서구 봉화로 49(오류동),,
경북,경북봉화점,경상북도 봉화군 봉화읍 내성로,36.8893996,128.7405608
경기,시흥정왕시장점,경기도 시흥시 정왕천로411번길 25(정왕동),,
경기,수원황골마을점,경기도 수원시 영통구 영통로,37.2646609,127.0776933
부산,해운대미포점,부산광역시 해운대구 달맞이길50번길 26(중동),,
전남,목포석현점,전라남도 목포시 옥암로 179(석현동),,
경기,분당아름마을점,경기도 성남시 분당구 판교로,37.4049196,127.1603854
서울,명일역점,서울특별시 강동구 양재대로 1641(명일동),,
서울,행당역점,서울특별시 성동구 행당로 105(행당동),,
서울,압구정역점,서울특별시 강남구 압구정로28길 25동심빌딩,,
경기,도농애시앙점,경기도 남양주시 도농로 24부영애시앙,,
경기,남양주묵현점,경기도 남양주시 화도읍 먹갓로28번길,,
서울,도림점,서울특별시 영등포구 도영로 33-2(도림동),,
경기,시흥장현지구점,"경기도 시흥시 장현서3길 10,",,
경기,망포역점,경기도 수원시 영통구 덕영대로,37.2460459,127.0624874
서울,봉천역점,서울특별시 관악구 남부순환로 1740명당빌딩,,
경기,안산초지푸르지오점,경기도 안산시 단원구 화랑로,37.3220453,126.8114911
경기,별내중앙점,경기도 남양주시 별내5로5번길 5지앤지프라자,,
경기,분당효자점,경기도 성남시 분당구 불정로,37.3595761,127.1169434
경기,오산시티자이점,경기도 오산시 부산중앙로 42오산시티자이2차상가,,
인천,인천관교한신점,인천광역시 미추홀구 인하로 348(주안동),,
세종,조치원침산점,세종특별자치시 조치원읍 행복길 25(침산리),,
경기,부천도당점,경기도 부천시 삼작로 252정남프라자,,
광주,광주양동점,광주광역시 서구 천변좌로 260-1(양동),,
광주,광주운암중앙점,광주광역시 북구 대자실로 22(운암동),,
부산,금정구청점,부산광역시 금정구 부곡온천천로 190퀸즈더블유장전역,,
경기,이마트분당점,경기도 성남시 분당구 불정로,37.3595761,127.1169434
경기,양주성우점,경기도 양주시 부흥로 2148(삼숭동),,
서울,영등포구청역점,서울특별시 영등포구 당산로 130(당산동3가),37.5193476,126.89548922769106
경기,의정부신곡점,경기도 의정부시 발곡로 31(신곡동),,
경기,평택포승점,경기도 평택시 포승읍 여술로,36.9888599,126.8465604
대구,대구율하지구점,대구광역시 동구 안심로22길 40-1(율하동),,
서울,신림난곡점,서울특별시 관악구 난우길 8(신림동),,
경기,평택지산점,경기도 평택시 지산로 83,37.0800061,127.062377
광주,광주일곡중앙점,광주광역시 북구 설죽로 545-1호반일신아파트상가,,
전남,광양읍점,전라남도 광양시 광양읍 대림오성로,34.9685367,127.5645878
경기,수원고색점,경기도 수원시 권선구 매송고색로,37.2458444,126.9633236
충북,청주용암점,충청북도 청주시 상당구 월평로184번길,36.6088727,127.5025405
경기,진접롯데시네마점,경기도 남양주시 진접읍 해밀예당1로,37.7109007,127.1853684
경기,양주삼숭점,경기도 양주시 삼숭로38번길 77센터프라자,,
인천,영종넙디점,인천광역시 중구 운서2로68번길 33(운서동),,
경기,능곡중앙점,경기도 고양시 덕양구 지도로35번길,37.6212132,126.8222135
서울,개봉사거리점,서울특별시 구로구 경인로 324,37.4978622,126.852714
서울,해군회관사거리점,서울특별시 영등포구 여의대방로 189(신길동),37.5015798,126.9205556
광주,광주여대점,광주광역시 광산구 월곡산정로 17(산정동),,
전남,영광터미널점,전라남도 영광군 영광읍 신남로,35.2759999,126.5027254
부산,지사동점,부산광역시 강서구 과학산단로 349지사복합상가,,
인천,인천남촌점,인천광역시 남동구 남촌동로 26(남촌동),,
경기,안성공도중앙점,경기도 안성시 공도읍 승두길,36.9986635,127.1693999
경기,평택고덕삼성점,경기도 평택시 고덕면 고덕여염12길,37.0424776,127.0525625
인천,청라중점,인천광역시 서구 청라라임로122번길 2(청라동),,
경기,수원곡반정점,경기도 수원시 권선구 곡선로,37.2398631,127.0266966
서울,목동파라곤점,서울특별시 양천구 목동서로 155,37.5284314,126.8703816
경기,군포첨단산업단지점,경기도 군포시 번영로 40MD센터프라자,,
서울,강북시장점,서울특별시 강북구 한천로 1059-1(수유동),,
광주,광주충장중앙점,광주광역시 동구 중앙로 157(호남동),35.1469259,126.9135058
부산,삼광사점,부산광역시 부산진구 초연로 6포레나부산초읍아파트상가,,
경기,용인죽전점,경기도 용인시 수지구 현암로,37.3315314,127.1127594
경기,안양석수2동점,경기도 안양시 만안구 안양로,37.3800422,126.9373724
서울,동작남성점,서울특별시 동작구 사당로 243,37.4946982,126.9608044
서울,용마산역점,서울특별시 중랑구 면목로 250(면목동),,
경기,양주덕계점,"경기도 양주시 평화로 1435,",37.8378965,127.0554399
경기,수내푸른마을점,경기도 성남시 분당구 불정로,37.3595761,127.1169434
인천,인천시청역점,인천광역시 남동구 구월로 80극동아파트상가,,
서울,신당역점,서울특별시 중구 퇴계로86길 3-1(신당동),,
광주,광주운남점,광주광역시 광산구 하남대로 282,35.1795615,126.816984
전남,해남터미널점,전라남도 해남군 해남읍 해남로,34.5709267,126.6076243
부산,개금현대점,"부산광역시 부산진구 엄광로 27,",35.1549926,129.0435861
경기,원흥중앙점,경기도 고양시 덕양구 도래울로,37.6354379,126.8723611
인천,선학역점,인천광역시 연수구 학나래로46번길 22(선학동),,
서울,숭실대입구역점,서울특별시 동작구 상도로 362-1(상도동),,
경기,광주회덕점,경기도 광주시 이배재로 120,37.42547,127.2427453
경기,원종사거리점,경기도 부천시 원종로 33(원종동),,
경기,김포양곡점,경기도 김포시 양촌읍 양곡1로56번길,37.6564296,126.6252623
경기,평택소사벌지구점,경기도 평택시 평남로 933,36.9908051,127.121629
경기,포천송우사거리점,경기도 포천시 소흘읍 솔모루로,37.8234469,127.1410062
전남,목포용당점,전라남도 목포시 동부로 2(용당동),,
전남,무안중앙점,전라남도 무안군 무안읍 불무로,34.9865261,126.4745945
경남,합천점,경상남도 합천군 합천읍 동서로,,
서울,이대점,서울특별시 서대문구 이화여대길 24(대현동),,
전북,익산모현점,"전라북도 익산시 고현로 90,",35.941361,126.9418473
서울,역촌역점,서울특별시 은평구 서오릉로 74(대조동),,
인천,굴포천역점,인천광역시 부평구 장제로 211,37.5219552,126.7314881
경기,평택아너스빌점,경기도 평택시 평택5로 94,36.9965847,127.1068121
인천,부평보건소점,인천광역시 부평구 부흥로 301-1(부평동),,
전북,정읍상동점,전라북도 정읍시 학산로 117-14(상동),,
서울,청구역점,서울특별시 중구 다산로 162약수빌딩,,
서울,남구로점,서울특별시 구로구 디지털로31길 120한신휴플러스아파트,,
전남,광양창덕점,전라남도 광양시 광양읍 용강로,34.9744978,127.6078236
경기,시흥대야점,경기도 시흥시 비둘기공원7길 46월드타운,,
서울,연세대공학원점,서울특별시 서대문구 연세로50지하 1층(연세대학교,,
인천,부평해물탕거리점,인천광역시 부평구 장제로 99벨라루체오피스텔,,
인천,송도퍼스트파크점,인천광역시 연수구 컨벤시아대로230번길 42송도아라플라자,,
경기,화성사강점,경기도 화성시 송산면 사강로,,
경기,수원남문점,경기도 수원시 팔달구 정조로,37.2891611,127.0143595
경기,평택힐스테이트점,경기도 평택시 세교6로 46,37.0111836,127.0874943
충북,청주금천점,충청북도 청주시 상당구 중고개로,36.6164763,127.5187406
전남,목포대성점,전라남도 목포시 양을로 56-1(산정동),,
강원,강릉시외버스터미널점,강원도 강릉시 하슬라로 27,37.7680923,128.8756702
경기,옥정다올스퀘어점,경기도 양주시 옥정로 139,37.8297623,127.0918863
서울,장위점,서울특별시 성북구 장위로 56(장위동),,
경기,산성역점,경기도 성남시 수정구 수정로,37.4395547,127.1232748
충북,청주개신점,충청북도 청주시 서원구 경신로,36.620718,127.44617884187437
서울,신도림태영타운점,서울특별시 구로구 새말로 89,37.5016103,126.8817646
서울,뚝섬역점,"서울특별시 성동구 상원길 38-1,",37.5489341,127.0480988
광주,전대상대점,광주광역시 북구 설죽로202번길 64(용봉동),,
경남,김해내동점,경상남도 김해시 내외중앙로 53,35.2428985,128.8694779
전남,순천호수공원점,전라남도 순천시 왕지2길 4-39,,
경기,김포마산점,경기도 김포시 김포한강8로 158,37.6434444,126.6278106
서울,은평신사점,서울특별시 은평구 갈현로 44,37.6004701,126.9102787
서울,공덕SK리더스뷰점,서울특별시 마포구 백범로31길 8공덕SK리더스뷰,,
인천,가좌봉화초점,인천광역시 서구 가정로 127(가좌동),,
경기,동탄프리미엄아울렛점,경기도 화성시 동탄기흥로257번가길 16(방교동),37.18176855,127.09026567492779
서울,황학사거리점,서울특별시 성동구 왕십리로 410센트라스아파트상가,,
서울,중화역점,서울특별시 중랑구 동일로 806(중화동),,
전북,전주대점,전라북도 전주시 완산구 백마산길,35.8175052,127.0909824
인천,송도랜드마크시티점,인천광역시 연수구 랜드마크로 68랜드마크시티센트럴더샵,,
경기,수원터미널점,경기도 수원시 권선구 덕영대로1201번길,37.2503405,127.0225894
경기,평택장당점,경기도 평택시 송탄로40번길 79-21(이충동),,
경기,안산그랑시티자이점,경기도 안산시 상록구 해양1로,37.2977376,126.8208966
서울,서울만리점,서울특별시 중구 만리재로 175서울역센트럴자이아파트상가,,
대구,대구메트로센타점,대구광역시 중구 달구벌대로 지하2100메트로센타,,
서울,구산역점,서울특별시 은평구 연서로 137,37.6110968,126.916821
광주,광주대점,광주광역시 남구 효덕로 289(진월동),,
전남,목포역점,전라남도 목포시 수문로 14-2,34.7934606,126.3809078
충북,충북혁신도시점,충청북도 음성군 맹동면 장성1길,36.9095971,127.5403168
서울,419사거리점,서울특별시 강북구 삼양로 510(수유동),,
경기,과천중앙점,경기도 과천시 별양상가2로 14,37.4273319,126.9930036
서울,불광연신점,서울특별시 은평구 연서로 270-1(불광동),,
경기,부천강남시장점,경기도 부천시 옥산로 150(도당동),,
경기,남한산성입구역점,경기도 성남시 중원구 산성대로,37.4551732,127.1618451
경기,부천원미사거리점,경기도 부천시 원미로124번길 6-16,37.4939024,126.7944865
경남,월영동아점,경상남도 창원시 마산합포구 월영남로,35.1210856,128.5367994
경기,기흥삼성반도체점,경기도 화성시 삼성1로6길 27(반월동),,
서울,도봉역점,서울특별시 도봉구 도봉로 817(도봉동),,
대전,충남대점,대전광역시 유성구 궁동로18번길 31(궁동),,
경기,의왕역점,경기도 의왕시 부곡중앙로 7,37.32114075,126.94970772373058
서울,선릉역점,서울특별시 강남구 선릉로86길 16(대치동),,
서울,불광역점,서울특별시 은평구 통일로 745(대조동),,
서울,신길중앙점,서울특별시 영등포구 도신로 234(대신시장입구),,
경기,야탑중앙점,경기도 성남시 매화로 46,37.4116623,127.13418247499988
경기,의정부고산점,경기도 의정부시 월유로 13,37.7292426,127.1104714
전남,여수신기점,전라남도 여수시 새터로 64(신기동),,
서울,신정역점,서울특별시 양천구 오목로 146(신정동),,
경기,운정아이파크점,경기도 파주시 심학산로 384운정신도시,,
서울,석관점,서울특별시 성북구 돌곶이로 27(석관동),,
대전,대전타임월드점,"대전광역시 서구 둔산로31번길 17,",36.3533897,127.3786616
인천,인천백병원점,인천광역시 동구 샛골로210번길 9,,
충북,청주가로수마을점,충청북도 청주시 흥덕구 서현북로,36.621392,127.4279454
서울,신림역점,서울특별시 관악구 신림로 321,37.4717526,126.9335068
광주,광주화정중앙점,광주광역시 서구 상무대로1081번길 1(화정동),,
충북,충북보은점,충청북도 보은군 보은읍 보은로,36.4830886,127.7186435
서울,상계백병원점,서울특별시 노원구 동일로 1356상계주공4단지아파트상가동,,
경기,송산역점,경기도 의정부시 충의로 55,,
경기,파주광탄점,경기도 파주시 광탄면 혜음로,37.78685,126.84495
경기,수원화서사거리점,경기도 수원시 팔달구 동말로,37.2787751,127.0046678
서울,강서구청점,서울특별시 강서구 화곡로 326(화곡동),,
충북,충북대점,충청북도 청주시 서원구 1순환로672번길,36.6331569,127.4581389
경기,수원광교초점,경기도 수원시 영통구 대학로,37.3041221,127.0474565
서울,애오개점,서울특별시 마포구 마포대로 195마포래미안푸르지오4단지상가,,
서울,자양시장점,서울특별시 광진구 자양로15길 18,37.5356279,127.0820716
강원,동해시청점,"강원도 동해시 대학로 20,",37.5220092,129.113185
인천,송도e편한세상점,인천광역시 연수구 랜드마크로 113,37.41286095,126.61616796287578
경기,부천고점,경기도 부천시 성주로 88(송내동),,
서울,난곡우체국점,서울특별시 관악구 난곡로 268(신림동),,
경남,율하중앙점,경상남도 김해시 율하3로 42네오프라자1층,,
서울,사당방배점,서울특별시 서초구 동작대로 44(방배동),,
서울,우림시장점,서울특별시 중랑구 용마산로 498(망우동),,
서울,신응암시장점,서울특별시 은평구 응암로 243(응암로),,
전북,군산수송중앙점,전라북도 군산시 월명로 244,35.9640478,126.7157389
전남,무안오룡지구점,전라남도 무안군 일로읍 오룡중앙동로,,
경남,진주초전점,경상남도 진주시 초북로 54,35.2141749,128.1096946
충북,청주옥산자이점,충청북도 청주시 흥덕구 옥산면,36.6605354,127.3516872
서울,정릉시장점,서울특별시 성북구 보국문로 36(정릉동),,
경기,경기광주도평점,경기도 광주시 초월읍 현산로,37.405306,127.2905165
서울,천호초교사거리점,서울특별시 강동구 구천면로 305,37.5448877,127.1131364
대전,대전성모오거리점,대전광역시 중구 중교로 6,36.3258958,127.4254577
부산,센텀점,부산광역시 해운대구 센텀동로 123,35.1737398,129.1303714
전남,영암삼호점,전라남도 영암군 삼호읍 대불주거로,34.7435526,126.4676826
서울,금천가산점,서울특별시 금천구 가산로 115(가산동),37.476887,126.891667
인천,인천작전초점,인천광역시 계양구 주부토로 473(계산동),,
강원,강릉포남점,강원도 강릉시 하평길 38,37.7703491,128.9124981
경기,용인서천마을점,경기도 용인시 기흥구 서천로,37.2383873,127.0734945
인천,인천불로중앙점,인천광역시 서구 검단로768번1길 11-8(불로동),,
경기,신영통점,경기도 화성시 영통로 59현대프라자,,
인천,간석오거리역점,인천광역시 남동구 백범로 404,37.4582244,126.728444
경기,안산다문화점,경기도 안산시 단원구 원곡로,37.3276159,126.7909075
서울,천호공원점,서울특별시 강동구 올림픽로 715아이앤유앤아이빌딩,,
강원,동해쇄운점,강원도 동해시 청운1길 48(쇄운동),,
서울,서울풍납점,서울특별시 송파구 토성로 59,37.5302489,127.1137197
서울,서울시립대점,서울특별시 동대문구 전농로 222,37.58396795,127.05363002560506
경기,시흥거모점,경기도 시흥시 도일로124번길 3,37.3414758,126.7844225
경기,수원북문점,경기도 수원시 장안구 정조로,37.3032066,127.0030427
서울,면목중앙점,서울특별시 중랑구 동일로 612,37.58916,127.08001
대전,대전월평점,"대전광역시 서구 청사서로 44,",36.3611929,127.3767038
인천,인천서운산업단지점,인천광역시 계양구 서운산단로3길 4SB,,
전남,목포포미점,전라남도 목포시 용해지구로 11(용해동),,
서울,정릉아리랑점,서울특별시 성북구 북악산로 850,37.5995,127.01739
충북,충주터미널점,충청북도 충주시 봉계1길 50,36.9803069,127.9145832
경남,창원무동점,경상남도 창원시 의창구 북면,35.3477739,128.6070741
경기,성남버스터미널점,경기도 성남시 분당구 성남대로925번길,37.4123561,127.126074
부산,좌동재래시장점,부산광역시 해운대구 대천로106번길 29,35.1744068,129.1745343
전남,목포대점,전라남도 무안군 청계면 승달산길,34.9099097,126.429888
부산,우암점,부산광역시 남구 우암로154번길 44(우암동),,
충북,서충주신도시점,충청북도 충주시 중앙탑면 용전리,,
경기,수원탑동사거리점,경기도 수원시 권선구 탑동로,37.2721274,126.9744435
경기,안양성원점,경기도 안양시 만안구 장내로,37.3962937,126.9203324
서울,약수역점,서울특별시 중구 다산로 124(신당동),37.56229,127.01515
경기,용인물푸레마을점,경기도 용인시 기흥구 구성3로28번길,37.2949137,127.1518147
서울,신대방역점,서울특별시 관악구 난곡로 367,37.4813526,126.9145868
전북,완주첨단점,전라북도 완주군 봉동읍 둔산3로,35.9568266,127.123271
인천,인천학익신동아점,인천광역시 미추홀구 매소홀로 476(학익동),,
경기,성남의료원점,경기도 성남시 수정구 수정로,37.4395547,127.1232748
전북,김제터미널점,전라북도 김제시 동서로 244(요촌동),,
경기,일산식사지구점,경기도 고양시 일산동구 위시티로,37.6766305,126.8102771
서울,독바위역점,서울특별시 은평구 불광로 130-1,37.6114735,126.9305636
제주,제주송악산점,제주특별자치도 서귀포시 대정읍 송악관광로,33.2274239,126.264917
서울,신길힐스테이트점,서울특별시 영등포구 신길로 150(신길동),,
경기,안산스마트스퀘어점,경기도 안산시 단원구 산단로,37.3056564,126.7881
서울,거여역점,서울특별시 송파구 오금로 504,37.5203108,127.1047248
서울,석촌점,서울특별시 송파구 백제고분로41길 6(송파동),,
경기,화성발안점,경기도 화성시 향남읍 삼천병마로,37.1351895,126.9115217
경기,안산반월공원점,경기도 안산시 상록구 본오로,37.2934007,126.8665152
서울,화계역점,서울특별시 강북구 덕릉로 30(수유동),,
서울,여의도파크원점,서울특별시 영등포구 여의대로 108,37.526659949999996,126.92720561670195
경기,수원망포초점,경기도 수원시 영통구 영통로153번길,37.2419864,127.0505925
대구,대구두류역점,대구광역시 달서구 달구벌대로 1730(두류동),,
전남,전남도청점,전라남도 무안군 삼향읍 남악4로,,
경기,일산한뫼초점,경기도 고양시 일산서구 고양대로,37.6862803,126.75597
경기,인천만수중앙점,인천광역시 남동구 백범로 206(만수동),,
경북,영천시청점,경상북도 영천시 충효로 75-2(문외동),,
경기,의정부롯데캐슬점,경기도 의정부시 범골로63번길 13,37.7309258,127.0366985
서울,방화사거리점,서울특별시 강서구 양천로 73멤브로메디컬센터,,
경기,인천문학점,인천광역시 미추홀구 소성로 334(문학동),37.4377459,126.6850474
경기,김포걸포점,경기도 김포시 걸포2로 45(걸포동),,
경기,평택더샵센트럴점,경기도 평택시 동삭1로22번길 19-13,37.0213315,127.0942192
경기,덕정역점,경기도 양주시 화합로 1363,37.8516145,127.0370356
서울,마포시민공원점,서울특별시 마포구 망원로 19,37.5573718,126.9050302
서울,가좌역점,서울 서대문구 수색로 34(남가좌동),,
서울,종로공평점,서울특별시 종로구 삼봉로 100,37.57194095,126.98273190329917
서울,수유사거리점,서울특별시 강북구 도봉로 289(수유동),,
서울,가락중앙점,서울특별시송파구 동남로 209(가락동),,
경기,시흥웨이브파크점,경기도 시흥시 거북섬4길 14웨이브프라자,,
전남,순천신대점,전라남도 순천시 해룡면 좌야로,,
경기,안산부곡점,경기도 안산시 상록구 부곡로,37.3292125,126.8613082
경기,부천괴안점,경기도 부천시 범안로 55,37.4570689,126.8148109
경기,죽전중앙점,경기도 용인시 수지구 대지로,37.3266134,127.1104934
서울,염창점,서울특별시 강서구 양천로 658(염창동),,
경기,의정부낙양점,경기도 의정부시 용민로 397(낙양동),,
서울,은평신사고개점,서울특별시 은평구 가좌로 318(신사동),,
경기,일산강선점,경기도 고양시 일산서구 대산로,37.6852609,126.7407319
경기,의정부역점,경기도 의정부시 시민로 75(의정부동),,
전남,순천대점,전라남도 순천시 순천대2길 2(석현동),,
부산,하단SK뷰점,부산광역시 사하구 하신번영로 395(하단동),,
서울,성수일로점,"서울특별시 성동구 성수일로 39,",37.5503842,127.0519868
대전,대전신성점,"대전광역시 유성구 신성로62번길 57,",36.3869182,127.3497315
서울,동묘숭인점,서울특별시 종로구 지봉로 52(숭인동),,
서울,쌍문역점,서울특별시 도봉구 도봉로 492(창동),37.6568661,127.0398373
인천,인천산곡한신휴점,인천광역시 부평구 마장로220번길 13(산곡동),,
경기,수원월드메르디앙점,경기도 수원시 팔달구 중부대로143번길,37.2810764,127.0327406
경기,안산본오중앙점,경기도 안산시 상록구 각골로,37.289545,126.8724906
경기,수원정자시장점,경기도 수원시 장안구 수성로262번길,37.2887604,127.002813
광주,광주금호종원점,광주광역시 서구 화개1로79번길 2(금호동),,
부산,동래점,부산광역시 동래구 명륜로129번길 35(명륜동),,
경기,이천갈산점,경기도 이천시 안흥로 70(갈산동),,
서울,동대문동평화점,서울특별시 중구 마장로1길 28-25(신당동),,
서울,삼양시장점,서울특별시 강북구 삼양로54길 3(미아동),,
서울,종로르메이에르점,서울특별시 종로구 종로19르메이에르종로타운 1층,,
인천,부광초사거리점,인천광역시 부평구 부흥로 393(부개동),,
경기,수원영통역점,경기도 수원시 영통구 봉영로,37.2436692,127.0643798
경기,안산반월점,경기도 안산시 상록구 건건로,37.3103934,126.9046327
인천,송도캐슬파크점,인천광역시 연수구 송도동 8-20송도캐슬센트럴파크,,
전남,순천역점,전라남도 순천시 팔마로 120(조곡동),,
경남,진주칠암점,경상남도 진주시 진주대로 888(칠암동),,
전북,정읍제일점,전라북도 정읍시 중앙로 132-1(수성동),,
세종,세종해밀점,세종특별자치시 해밀3로 32해밀마을1단 근린상가,,
서울,성북구청점,서울특별시 성북구 보문로 161,37.5865677,127.0186996
서울,촬영소사거리점,서울특별시 동대문구 답십리로 233,37.5769488,127.0456176
경기,광명7동점,경기도 광명시 도덕로 49-1(광명동),,
충북,충북증평점,충청북도 증평군 증평읍 중앙로,36.7788737,127.5765575
인천,인천부개점,인천광역시 부평구 수변로 58(부개동),,
부산,광안오션브릿지점,부산광역시 수영구 광안해변로278번길 42107호(민락동),,
경기,분당중탑점,경기도 성남시 분당구 벌말로40번길,37.4121938,127.1391088
경기,오산갈곶점,경기도 오산시 오산로 79리치타워,,
경기,일산저동점,경기도 고양시 일산동구 대산로,37.6720719,126.7692553
경기,하남감일지구점,경기도 하남시 신우실로 67j&b프라자,,
대전,서대전점,대전광역시 대전 중구 계백로,36.3165833,127.3906372
서울,광장시장남2문점,서울특별시 종로구 청계천로 203-1(예지동),,
충북,청주동남지구점,충청북도 청주시 상당구 중고개로,36.6164763,127.5187406
서울,중계브라운스톤점,서울특별시 서울 노원구 동일로203가길,37.6395761,127.0648842
충남,보령동대점,충청남도 보령시 한내로 16(동내동),,
서울,창동어울림점,서울특별시 도봉구 해등로16길 32(창동),37.6550288,127.04474015887669
경기,별내카페거리점,경기도 남양주시 순화궁로 349,37.6808699,127.1108392
충북,충주호암신도시점,충청북도 충주시 호암수청2로 21,36.9564794,127.9235781
서울,영등포전화국사거리점,서울특별시 영등포구 국회대로 646(영등포동7가),,
전남,여수교동점,전라남도 여수시 진남상가길 38(교동),,
경남,거창산단점,경상남도 거창군 남상면 승강기길,,
경남,함안점,경상남도 함안군 가야읍 가야로,35.27706,128.40285
서울,강일2지구점,서울특별시 강동구 아리수로93나길 38,,
경기,부천소사초사거리점,경기도 부천시 소사로 185(소사본동),,
경기,분당느티마을점,경기도 성남시 분당구 느티로69번길,,
경기,다산새봄초교점,경기도 남양주시 다산순환로 420성산타워플레이스Ⅲ,,
경기,박달사거리점,경기도 안양시 만안구 양화로,37.4018584,126.9108998
충북,청주내덕점,충청북도 청주시 청원구 향군로,36.6475908,127.4879177
충북,용암중흥마을점,충청북도 청주시 상당구 용암북로138번길,36.6205876,127.5134477
전남,순천팔마점,전라남도 순천시 팔마4길 18(연향동),,
경남,가음정점,경상남도 창원시 성산구 가음정로43번길,35.2098441,128.6894678
인천,부평제이타워점,인천광역시 부평구 부평대로 337부평제이타워3차,,
서울,도봉중앙점,서울특별시 도봉구 도봉로181길 30(도봉동),,
경기,수원SK스카이뷰점,경기도 수원시 장안구 이목로,37.3103419,126.9875449
서울,화곡본동시장점,서울특별시 강서구 까치산로4길 3(화곡동),,
제주,제주동홍중앙점,제주특별자치도 서귀포시 태평로 488(동홍동),,
경기,시흥시청점,경기도 시흥시 새재로17번길 7(장현동),,
서울,삼육서울병원점,서울특별시 동대문구 망우로 78(휘경동),,
경기,안산월피점,경기도 안산시 상록구 광덕산2로,37.3358378,126.8448572
광주,광주노대점,광주광역시 남구 효우로 81(노대동),,
부산,연산점,부산광역시 연제구 월드컵대로 75(연산동),,
경기,고양산들마을점,경기도 고양시 일산동구 중산로,37.694547,126.780764
서울,서울숲역점,서울특별시 서울특별시 성동구 왕십리로,37.5650439,127.0257478
서울,마장역점,서울특별시 성동구 마장로 301(마장동),,
충북,청대사거리점,충청북도 청주시 청원구 상당로,36.6543767,127.4887497
경기,대화성저마을점,경기도 고양시 일산서구 대산로,37.6852609,126.7407319
서울,창동이마트점,서울특별시 도봉구 노해로65길 11한성빌딩,,
인천,인천대화초점,인천광역시 미추홀구 석정로 306(도화동),,
서울,마곡수명산점,서울특별시 강서구 수명로 68-35(내발산동),37.55299515,126.82679678019826
전남,광양칠성점,전라남도 광양시 광양읍 인덕로,34.9530362,127.5818284
경남,진주비성대점,경상남도 진주시 금산면 송백로,35.1848661,128.1515555
대전,대전용문역점,대전광역시 서구 계룡로 618(괴정동),,
서울,보라매역점,서울특별시 영등포구 여의대방로 137(신길동),37.5015798,126.9205556
서울,송파역점,서울특별시 송파구 송파대로 345송파헬리오시티,,
경기,성남상대원점,경기도 성남시 중원구 금상로,37.4424689,127.1683346
경기,의왕시티병원점,경기도 의왕시 전주남이길 8목화케이티이자리에,,
서울,포방터시장점,서울특별시 서대문구 홍은중앙로 101-1(홍은동),,
서울,응암이마트점,서울특별시 은평구 은평로 98(응암동),,
서울,가산에이스K1타워점,서울특별시 금천구 가산디지털2로 166에이스K1타워,,
광주,광주계림점,광주광역시 동구 계림동 193,,
경남,김해인제대점,경상남도 김해시 인제로 184(어방동),,
서울,석촌고분역점,서울특별시 송파구 백제고분로 279송파동산빌딩,,
경북,구미구평점,경상북도 구미시 인동36길 9,36.0925423,128.4321056
경기,부천번영사거리점,경기도 부천시 부흥로 307번길,,
서울,굽은다리역점,서울특별시 강동구 양재대로 1566,37.5457779,127.1430009
서울,면목면동초점,서울특별시 중랑구 면목로 356(면목동),,
서울,신목점,서울특별시 양천구목동중앙로 97 청우빌딩,,
서울,방이오금점,서울특별시 송파구 마천로 84(오금동),,
광주,광주진월효덕점,광주광역시 남구 화산로 29(진월동),35.1123283,126.89848123452967
경남,서창점,경상남도 양산시 삼호1길 45,35.4132704,129.1668819
서울,용문시장점,서울특별시 용산구 새창로 108-1(용문동),,
충북,진천옥동초점,충청북도 진천군 덕산읍 연미로,36.9001425,127.5283942
충남,천안청당점,충청남도 천안시 동남구 청당4로,36.7791543,127.1484907
서울,창동신창점,서울특별시 도봉구 우이천로4길 31(창동),,
경기,다산가운마을점,경기도 남양주시 경춘로 368브릭스타워,,
강원,인제천도리점,강원도 인제군 서화면 천도로,38.2197282,128.2071402
전남,나주남평점,전라남도 나주시 남평읍 강변2길,,
경남,율하2지구점,경상남도 김해시 율하숲길 21로하스디딤빌딩,,
서울,성신여대점,"서울특별시 성북구 동소문로22길 47,",37.5907458,127.0192761
서울,송파파인타운점,서울특별시 송파구 충민로2길 28대진플라자2,,
충남,천안불당아이파크점,충청남도 천안시 서북구 검은들1길,36.8109655,127.1099485
경기,평촌로데오점,경기도 안양시 동안구 관평로170번길,37.3928551,126.9628731
강원,원주반곡점,강원도 원주시 반곡길 64(반곡동),,
충북,청주공단오거리점,충청북도 청주시 흥덕구 사직대로,36.6340856,127.4474364
인천,부평로데오점,인천광역시 부평구 시장로 17(부평동),,
서울,삼전역점,서울특별시 송파구 백제고분로 198,37.5093859,127.0790844
인천,인천효성신사거리점,인천광역시 계양구 안남로 499(효성동),,
서울,신양초사거리점,서울특별시 광진구 능동로 49,37.5358089,127.0684009
인천,연수역점,인천광역시 연수구 벚꽃로 114연수브랫슬,,
충북,청주하복대점,충청북도 청주시 흥덕구 진재로,36.6431929,127.4315042
경기,의정부중앙점,경기도 의정부시 태평로73번길 50(의정부동),,
경기,수원파장점,경기도 수원시 장안구 파장로,37.3076524,126.9909572
서울,홍대서교점,서울특별시 마포구 양화로116 상연빌딩,,
부산,서구청점,부산광역시 중구 보수대로 16(부평동2가),,
경기,미사역점,경기도 하남시 미사강변동로 95힐스테이트,,
서울,대흥역점,서울특별시 마포구 백범로 102원흥빌딩,,
서울,논현역점,"서울특별시 서초구 사평대로55길 149,",37.504238,127.0227117
서울,북한산정릉점,서울특별시 성북구 보국문로 167산장아파트상가,,
경기,수내파크타운점,경기도 성남시 분당구 내정로,37.3686842,127.1147935
서울,금천독산점,서울특별시 금천구 시흥대로 474,37.4426397,126.9034965
서울,홍제홍은벽산점,서울특별시 서대문구 홍은중앙로 33(홍은동),,
충남,천안역점,충청남도 천안시 동남구 대흥로231금정빌딩,,
전남,화순중앙점,전라남도 화순군 화순읍 칠충로,35.053781,126.9750981
부산,못골점,부산광역시 남구 못골로41번길 13대연2차동원로얄듀크,,
서울,구로궁동점,서울특별시 구로구 부일로15길 29,37.4945979,126.8329637
인천,검단먹거리타운점,인천광역시 서구봉수대로1440번안길 28-11(왕길동),,
경기,이천터미널점,경기도 이천시 이섭대천로 1203,37.2891372,127.4530815
경기,김포라베니체점,경기도 김포시 김포한강2로23번길 72라베니체에비뉴2차,,
강원,삼척교동중앙점,강원도 삼척시 정상로 73(교동),,
강원,강릉6주공오거리점,강원도 강릉시 입암로 157(입암동),,
서울,상암하늘초점,서울특별시 마포구 월드컵북로 496(상암동),,
인천,인천효성남초점,인천광역시 계양구 새벌로 120대산아파트상가,,
광주,광주말바우점,광주광역시 북구 동문대로 102(두암동),,
경남,거창점,경상남도 거창군 거창읍 아림로,35.6854738,127.9108484
경기,수원엠파이어점,경기도 수원시 영통구 신원로,37.2578897,127.0601945
경기,수지동천점,경기도 용인시 수지구신수로783번길 30(동천동),,
경기,동탄푸른마을점,경기도 화성시 10용사로 349-3엘리트타워,,
경기,김포북변점,경기도 김포시 북변1로16번길 47(북변동),,
서울,보라매공원점,서울특별시 영등포구 여의대방로 87대신빌딩,,
경기,안산식물원점,경기도 안산시 상록구 도매시장로,37.3129485,126.8623258
서울,선유도비즈타워점,서울특별시 영등포구 양평로19길 4풍림빌딩,,
충북,청주여고점,충청북도 청주시 청원구 율봉로176번길,36.6664973,127.4876905
광주,전대정문점,광주광역시 북구 (자미로 67(신안동),,
서울,강남포이점,서울특별시 강남구 개포로 221,37.4965484,127.0881421
대구,대구칠곡네거리점,대구광역시 북구 칠곡중앙대로 411스카이빌딩,,
경기,일산마두공원점,경기도 고양시 일산동구 강송로,37.6549752,126.7832751
인천,인천용현금호점,인천광역시 미추홀구 낙섬서로 4현대메디켈센타,,
경기,고양성사점,경기도 고양시 덕양구 호국로,37.67369,126.8666
경기,고양향동중앙점,경기도 고양시 덕양구 향기로,37.6072105,126.8944507
서울,왕십리렉스점,서울특별시 성동구 왕십리로 336왕십리렉스프리미엄오피스텔,,
광주,광주염주점,광주광역시 서구 염화로 73(화정동),,
경남,합포구청점,경상남도 창원시 마산합포구 중앙동로,35.1962404,128.5688567
세종,세종나성점,세종특별자치시 나성북1로 12세종메가타워2 1층,,
서울,녹번점,서울특별시 은평구 은평로 217,37.6011916,126.9318376
충남,아산호서대점,충청남도 아산시 배방읍 호서로79번길,36.7395189,127.0766436
서울,장안중앙점,서울특별시 동대문구장한로 58(장안동),,
경기,이천송정점,경기도 이천시 증신로291번길 129하나빌딩,,
경기,시흥신일초점,경기도 시흥시 시흥대로 1077(신천동),,
경기,일산서구점,경기도 고양시 일산서구 산현로92번길,37.6909788,126.7718666
서울,신풍역점,서울특별시 영등포구 신풍로 48(신길동),,
광주,광주주월점,광주광역시 남구 대남대로149번길 19(봉선동),,
대전,대전도안상대점,대전광역시 유성구 상대동로 34동화빌딩,,
경기,수원아이파크시티점,경기도 수원시 권선구 동수원로177번길,,
경기,만안구청점,경기도 안양시 만안구 안양로,37.3800422,126.9373724
전북,전북순창점,전라북도 순창군 순창읍 장류로,35.3732361,127.13237073613082
경기,고양내유점,경기도 고양시 덕양구 통일로,37.6674482,126.888975
서울,화양사거리점,서울특별시 성동구 광나루로 337(송정동),,
인천,부평경찰서점,인천광역시 부평구 길주로 505,37.5092143,126.6949479
경기,부천고리울점,"경기도 부천시 고리울로52번길 24,",37.523629,126.820529
충북,충주교통대점,충청북도 충주시 대소원면 대학로,36.9639726,127.8708889
광주,광주풍암운리점,광주광역시 서구 풍금로 10(풍암동),,
경기,안산법원점,경기도 안산시 단원구 광덕서로,37.3099371,126.8270442
서울,양천신정중앙점,서울특별시 양천구 은행정로 17(신정동),,
서울,개봉남부역점,서울특별시 구로구 남부순환로97길 20-6(개봉동),,
경기,갈매더샵점,경기도 구리시 갈매순환로 15,37.6253647,127.1159441
서울,군자역점,서울특별시 광진구 능동로 294,37.5389737,127.070152
경기,안산와동점,경기도 안산시 단원구 와동공원로,37.3363229,126.8149176
서울,함지박사거리점,서울특별시 서초구 동광로 75(방배동),,
경기,김포운유초점,경기도 김포시 김포한강4로 176(장기동),,
경기,이천증포점,경기도 이천시 이섭대천로 1411,37.2891372,127.4530815
서울,망우역점,"서울특별시 중랑구 망우로 385,",37.6004861,127.1047342
서울,월곡이마트점,서울특별시 성북구 종암로 167동일하이빌뉴시티,,
경기,의정부효자초점,경기도 의정부시 부용로 208(신곡동),,
경기,대부도점,경기도 안산시 단원구 대부황금로,37.3120549,126.6092622
인천,계양효성해링턴점,인천광역시 계양구 서운로 34계양효성해링턴아파트,,
강원,강릉내곡점,강원도 강릉시 범일로 628-1(내곡동),,
서울,금천독산4동점,서울특별시 금천구 독산로 243(독산동),,
서울,가산리더스타워점,서울특별시 금천구 벚꽃로 286삼성리더스타워,,
서울,답십리초점,"서울특별시 동대문구 전농로 35,",37.56888,127.0571
서울,답십리사거리점,"서울특별시 동대문구 답십리로 154,",37.5769488,127.0456176
경북,경산삼풍점,"경상북도 경산시 삼풍로 18,",35.8226066,128.7553016
서울,화곡남부시장점,"서울특별시 강서구 곰달래로49길 11,",37.5316517,126.857957
서울,까치산시장점,"서울특별시 강서구 강서로18나길 1,",37.5351365,126.8468487
서울,종로3가역점,"서울특별시 종로구 돈화문로 27,",37.5695762,126.9922873
서울,배봉사거리점,"서울특별시 동대문구 한천로 189,",37.5840067,127.0681085
충북,청주강서점,충청북도 청주시 흥덕구 강서로,36.616782,127.4225605
전남,광양중마점,"전라남도 광양시 광장로 143,",34.9370937,127.6911668
전남,목포옥암점,"전라남도 목포시 남악1로52번나길 1,",34.8113911,126.4496291
서울,가오리역점,"서울특별시 강북구 삼양로 423,",37.6326783,127.0176206
서울,노원을지병원점,"서울특별시 노원구 공릉로 324-2,",37.6405461,127.0688312
세종,세종종촌점,"세종특별자치시 도움1로 106, 1층(종촌동,",,
대전,대전정림점,"대전광역시 서구 정림로 56-1,",36.3039909,127.3657608
전북,익산부송우체국점,"전라북도 익산시 부송1로 70,",35.9577627,126.990221
충북,청주성화점,충청북도 청주시 서원구 신화로32번길,36.6178243,127.4575597
서울,가양중앙점,"서울특별시 강서구 양천로 461,",37.5733451,126.8166853
서울,잠실장미점,"서울특별시 송파구 올림픽로35길 104,장미상가A동",,
경기,수원권선SK뷰점,경기도 수원시 권선구 세권로195번길,37.2562186,127.0274896
서울,구로고척점,"서울특별시 구로구 고척로 239,",37.5024227,126.8487988
강원,원주흥업사거리점,강원도 원주시 흥업면 남원로,37.3131541,127.9296878
경기,광명아크포레점,"경기도 광명시 새터로 44-7,",37.4695454,126.8533041
서울,명보사거리점,"서울특별시 중구 마른내로 42-1,",37.5643193,126.9973687
경기,안산사동중앙점,경기도 안산시 상록구 항가울로,37.308527,126.844056
서울,고덕래미안점,"서울특별시 강동구 아리수로50길 50,",37.5588261,127.1488077
인천,부평산곡중앙점,"인천광역시 부평구 원적로 296,",37.504745,126.6969472
서울,구일역점,"서울특별시 구로구 구일로10길 27,",37.4953475,126.872001
경남,칠원점,경상남도 함안군 칠원읍 원서로,35.3078142,128.5183385
경기,오남점,경기도 남양주시 오남읍 진건오남로,37.6788568,127.2072445
서울,대림사거리점,"서울특별시 영등포구 시흥대로 629,",37.4906352,126.9077165
경기,군포송정지구점,"경기도 군포시 송부로 92,",37.321929,126.9302059
서울,마포용강점,"서울특별시 마포구 큰우물로 49,",37.5429204,126.9433806
전북,전주호성점,전라북도 전주시 덕진구 호성3길,,
인천,계산삼거리점,"인천광역시 계양구 계양대로 215,",37.5345049,126.722571
서울,개봉푸르지오점,"서울특별시 구로구 고척로 126,",37.5024227,126.8487988
경기,야당중앙점,"경기도 파주시 송학1길 60,",37.71249505,126.76292641641791
서울,가양초점,"서울특별시 강서구 허준로 198,",37.5652368,126.8535763
경기,안양법원점,경기도 안양시 동안구 부림로,37.3840581,126.969069
경기,구성점,경기도 용인시 기흥구 용구대로2394번길,37.2994043,127.108865
충남,천안백석현대점,충청남도 천안시 서북구 백석4길,36.8223759,127.1234619
경기,갈매한라비발디점,"경기도 구리시 갈매순환로 194,",37.6366494,127.121802
서울,면목역점,"서울특별시 중랑구 면목로 418,",37.5963518,127.0855162
서울,망원망리단길점,"서울특별시 마포구 동교로 39,",37.5640432,126.9262789
서울,종각역점,"서울특별시 종로구 종로 80-2,",37.5704095,126.9926512
제주,제주롯데시티점,"제주특별자치도 제주시 도령로 74,",33.4959122,126.4938445
경기,김포금빛초점,"경기도 김포시 태장로 823,",37.6412667,126.6826282
광주,전대예대점,"광주광역시 북구 용주로30번길 63,",35.1824692,126.9045431
경남,불모산점,경상남도 창원시 성산구 창원대로,35.1932491,128.7175656
서울,잠실새내역점,"서울특별시 송파구 백제고분로7길 58,",37.5096939,127.0799408
전북,전주서일점,전라북도 전주시 완산구 서신로,35.8321786,127.1157928
서울,신자초사거리점,"서울특별시 광진구 뚝섬로 596,",37.53347,127.0883
서울,한남오거리점,"서울특별시 용산구 한남대로21길 33,",37.5341515,127.0063235
경기,수원오목천점,경기도 수원시 권선구 삼천병마로1597번길,,
인천,인천부평공고점,"인천광역시 부평구 갈월서로 46,",37.510466,126.7234872
경기,산본학원가점,"경기도 군포시 산본로 382,",37.3643744,126.9303902
경기,광명자이타워점,"경기도 광명시 새빛공원로 67,",37.4155824,126.8876092
서울,목동우성점,"서울특별시 양천구 목동남로4길 2,",37.5093139,126.8673772
서울,합정중앙점,"서울특별시 마포구 양화로 73,",37.5583347,126.9255789
경기,광명초사거리점,"경기도 광명시 오리로 948-1,",37.4782471,126.8585168
서울,서여의도점,"서울특별시 영등포구 국회대로72길 17,",37.5296402,126.920877
경기,시흥배곧타운점,"경기도 시흥시 배곧4로 32-28,",37.3781669,126.7259602
경기,평택성동초교점,"경기도 평택시 중앙로 101,",36.99072505,127.1189957
서울,서울역점,"서울특별시 용산구 한강대로 403,",37.5356461,126.9738539
경기,의정부녹양점,"경기도 의정부시 비우로 57,",37.7581252,127.0342493
서울,마천역점,"서울특별시 송파구 마천로57길 3,",37.495393,127.1533739
서울,당산중앙점,"서울특별시 영등포구 당산로 214,",37.5320286,126.9003117
경기,남양주마석역점,경기도 남양주시 화도읍 마석중앙로,37.652295,127.2992416
전북,정읍수성점,"전라북도 정읍시 수성2로 30,",35.581673,126.8549743
서울,금호사거리점,"서울특별시 성동구 독서당로 329,",37.55157,127.03233
서울,문정로데오점,"서울특별시 송파구 중대로12길 35,",37.4930848,127.1225384
충남,아산배미점,"충청남도 아산시 서부북로 974,",36.7948233,126.9467413
경기,어룡역점,"경기도 의정부시 용현로105번길 37,",37.7425521,127.0873259
서울,마곡역점,"서울특별시 강서구 공항대로 190,",37.5604431,126.8198414
서울,신월경창시장점,"서울특별시 양천구 월정로 53,",37.521146,126.8437367
서울,휘경주공점,"서울특별시 동대문구 사가정로25길 29,",37.580046,127.070602
충북,청주율량중앙점,충청북도 청주시 청원구 율량로,36.664213,127.49863
인천,인천검단초점,"인천광역시 서구 검단로623번길 13,",37.6106604,126.6676147
충남,보령점,"충청남도 보령시 중앙로 73,",36.3459621,126.5990151
서울,강서등촌점,"서울특별시 강서구 공항대로61길 22,",37.5519198,126.8659629
경기,안양충훈부점,경기도 안양시 만안구 충훈로,37.4029897,126.9029617
서울,수락중앙점,"서울특별시 노원구 동일로 1651,",37.6174983,127.0756444
경기,안산성포점,경기도 안산시 상록구 화랑로,37.3204168,126.8455468
서울,석촌호수점,"서울특별시 송파구 석촌호수로 188,",37.5080571,127.1029546
경기,수원천천푸르지오점,경기도 수원시 장안구 정자천로13번길,37.2950795,126.9792639
서울,오목교중앙점,"서울특별시 양천구 목동동로12길 45,",37.52296295,126.87664497754108
광주,광주동림삼익점,광주광역시 북구 유림로 168,35.1745625,126.8640143
부산,센텀재송점,"부산광역시 해운대구 해운대로76번길 44,",35.1906205,129.1170921
경기,수원연무시장점,경기도 수원시 장안구 연무로13번길,37.2940483,127.0273647
서울,신림역사거리점,"서울특별시 관악구 남부순환로 1617,",37.4828861,126.9200241
경기,안양남부시장점,경기도 안양시 만안구 안양로,37.3800422,126.9373724
경기,시흥하상점,"경기도 시흥시 연성로 86,",37.3907969,126.8136892
경기,시흥대야댓골점,"경기도 시흥시 복지로53번길 16,",37.4449238,126.7879701
경기,구리아름마을점,"경기도 구리시 동구릉로85번길 30,",37.6091901,127.1329081
충남,서산동문점,"충청남도 서산시 고운로 275-5,",36.7805858,126.4493476
서울,마곡유림점,"서울특별시 강서구 강서로 419,",37.5583814,126.8381831
경기,수원송죽점,경기도 수원시 장안구 송원로,37.3040063,127.0117348
서울,중계본동점,"서울특별시 노원구 중계로14길 29,",37.6504835,127.0830603
경기,파주주내삼거리점,경기도 파주시 파주읍 우계로,37.8348536,126.8169286
서울,건대입구역점,"서울특별시 광진구 아차산로 224,",37.5473613,127.1063934
서울,가재울북가좌초교점,"서울특별시 서대문구 거북골로 184,",37.5752246,126.9160865
서울,구로고척시장점,"서울특별시 구로구 경인로47길 107,",37.5043727,126.8634297
서울,대학로중앙점,"서울특별시 종로구 대학로 144,",37.5736536,127.0020522
인천,부평아이즈빌점,"인천광역시 부평구 마장로 489,",37.5234958,126.7048986
인천,계산중앙점,"인천광역시 계양구 경명대로 1138,",37.5471472,126.7074368
서울,논골사거리점,"서울특별시 성동구 행당로5길 2,",37.5560064,127.0243329
서울,양평역점,"서울특별시 영등포구 양산로 53,",37.5223831,126.9072236
서울,영등포역점,"서울특별시 영등포구 영중로 10-1,",37.5311849,126.9057521
인천,인천주안제일점,"인천광역시 미추홀구 제일로 36,",37.4589502,126.6729729
제주,제주노형점,"제주특별자치도 제주시 월랑로8길 1,1층",,
경기,평촌어바인퍼스트점,경기도 안양시 동안구 경수대로,37.3757866,126.9565301
부산,학장점,"부산광역시 사상구 대동로 103,",35.1375121,128.9772211
서울,은평역촌점,"서울특별시 은평구 갈현로 88,",37.6004701,126.9102787
서울,송파나루역점,"서울특별시 송파구 백제고분로 464,",37.5093859,127.0790844
충남,아산용연마을점,충청남도 아산시 배방읍 용연로,36.7835478,127.0939688
강원,동해천곡점,"강원도 동해시 천곡로 14,",37.5238377,129.1149865
서울,방이역점,서울특별시 송파구 마천로 23,37.507345,127.1289853
부산,망미점,"부산광역시 수영구 망미로30번길 38,",35.1701301,129.101951
서울,정릉뉴타운점,"서울특별시 성북구 정릉로 307,",37.6092586,126.9974291
경기,김포시청점,"경기도 김포시 돌문로 48,",37.6198173,126.7168534
충남,서산먹골점,"충청남도 서산시 율지18로 33,",36.77821,126.46481
강원,강릉송정점,강원도 강릉시 경강로2477번길 4(송정동),,
전남,강진터미널점,전라남도 강진군 강진읍 중앙로,34.6400515,126.7696438
대전,대전법동점,"대전광역시 대덕구 동춘당로 181,",36.3676112,127.431763
서울,동대문종합시장점,"서울특별시 종로구 종로 266,",37.5703819,127.0077721
전남,목포연산점,"전라남도 목포시 원산중앙로 107,",34.80752,126.374709
서울,서초우면점,"서울특별시 서초구 태봉로 70,",37.4645575,127.02562943669963
경기,안양수촌마을점,경기도 안양시 동안구 관평로305번길,37.4035299,126.9559621
인천,인천루원중앙점,"인천광역시 서구 가정로 415,",37.5098929,126.6724561
경기,킨텍스원시티점,경기도 고양시 일산동구 월드고양로,37.6610626,126.7483256
서울,명동중앙우체국점,"서울특별시 중구 명동8나길 51,",37.5612835,126.9831326
경기,동두천점,"경기도 동두천시 중앙로 277-1,",37.8904823,127.0519412
서울,마포도화점,"서울특별시 마포구 삼개로 19,",37.5403879,126.9470261
서울,상일고덕점,"서울특별시 강동구 상일로 55,",37.553051,127.1723493
서울,시흥한울중점,서울특별시 금천구 독산로 178,37.4688411,126.9023043
경기,안산이동점,경기도 안산시 상록구 도매시장로,37.3129485,126.8623258
서울,구파발역점,"서울특별시 은평구 진관2로 29-21,",37.63576585,126.9193944968631
강원,원주혁신도시점,"강원도 원주시 혁신로 53,",37.3352163,127.9786962
경기,의정부경의교차로점,"경기도 의정부시 경의로 107,",37.7329269,127.0416059
서울,장안동사거리점,"서울특별시 동대문구 장한로 165,",37.5687297,127.0694493
경기,화서파크푸르지오점,경기도 수원시 장안구 대평로,37.3003516,126.9901028
전남,여수웅천점,전라남도 여수시 예울마루로 41(웅천동),,
경남,창원법원점,경상남도 창원시 성산구 창이대로692번길,35.2221031,128.69845
서울,논현중앙점,"서울특별시 서초구 강남대로 523,",37.5186959,127.0186668
경기,능곡삼거리점,경기도 고양시 덕양구 토당로,37.6245396,126.8173315
대전,대전신탄진점,"대전광역시 대덕구 대덕대로 1555,",36.44949,127.41959830303183
서울,명지전문대점,"서울특별시 서대문구 가좌로 146,",37.5779832,126.9305161
경기,안산선부중앙점,경기도 안산시 단원구 달미로,37.3389669,126.8136975
경기,일산국립암센터점,경기도 고양시 일산동구 일산로330번길,37.6660873,126.7865044
전남,전남함평점,전라남도 함평군 함평읍 영수길,35.0629329,126.5199987
충남,태안점,충청남도 태안군 태안읍 동문2길,36.7488849,126.3032845
경기,화성시청점,경기도 화성시 남양읍 시청로,37.2015184,126.8249767
서울,강남구청역점,"서울특별시 강남구 학동로 342,",37.516757549999994,127.04090770901192
광주,광주대인점,"광주광역시 동구 제봉로 221,",35.1396754,126.9226206
경기,김포신곡점,경기도 김포시 고촌읍 수기로,,
대전,대전송촌점,"대전광역시 대덕구 송촌북로16번길 57,",36.3643847,127.4385661
경기,안산초지중앙점,경기도 안산시 단원구 원포공원1로,37.3014787,126.8128666
서울,올림픽공원북문점,"서울특별시 강동구 성안로 9,",37.5290105,127.131279
인천,용남시장점,"인천광역시 미추홀구 인주대로 264,",37.4567994,126.6486701
전북,익산배산점,"전라북도 익산시 선화로3길 31-13,",35.9521813,126.9382655
전북,전북장계점,전라북도 장수군 장계면 한들로,35.731459,127.5887328
서울,종암사거리점,"서울특별시 성북구 종암로27길 13,",37.6026436,127.0314322
강원,강릉주문진점,강원도 강릉시 주문진읍 주문로,,
서울,강서세무서점,"서울특별시 강서구 공항대로 103,",37.5604431,126.8198414
서울,공릉중앙점,서울특별시 노원구 공릉로 137(공릉동),,
서울,양재시민의숲점,"서울특별시 서초구 동산로 3,",37.471246,127.0437755
경기,운정힐스테이트점,"경기도 파주시 교하로 100,",37.7524601,126.7479834
인천,인천청학점,"인천광역시 연수구 청학로 10,",37.4283343,126.6634702
충북,청주오창중앙점,충청북도 청주시 청원구 오창읍,36.74238405,127.45450231417072
경기,하남학암점,"경기도 하남시 위례학암로 17,",37.4878508,127.1588204
전남,순천용당점,"전라남도 순천시 삼산로 101,",34.9821966,127.5023797
서울,신도림크라운빌점,"서울특별시 구로구 경인로63길 11,",37.5090987,126.8849794
경기,의정부가능SK점,"경기도 의정부시 신촌로 19,",37.7502549,127.0384178
제주,제주표선점,제주특별자치도 서귀포시 표선면 표선동서로,,
서울,하월곡동점,"서울특별시 성북구 오패산로3길 3,",37.6068009,127.0344276
서울,항동지식산업센터점,"서울특별시 구로구 부광로 88,",37.4771887,126.81682448650265
부산,온천천점,"부산광역시 동래구 안남로 108,",35.1939898,129.0994377
서울,강남중앙점,"서울특별시 서초구 서초대로77길 35,",37.50081395,127.02527014999998
경기,경기광주쌍령점,"경기도 광주시 경충대로1422번길 10,",37.398603,127.2793674
